"","JNE.created_at","JNE.full_text","JNE.display_text_range","as.character.JNE.in_reply_to_screen_name."
"1",2022-12-04 23:40:32,"@JNECare JT66978682161 ini kenapa gagal gagal terus sih?? Kenapa gak dikirim2 ke alamat penerima.?? Ada masalah apa??",117,"JNECare"
"2",2022-12-04 23:02:28,"@JNECare min tolong cek dm",26,"JNECare"
"3",2022-12-04 22:53:37,"@JNECare semakin banyak kompetitor malah semakin menurun pelayanannya #KapokPakaiJNE layanan YES dari Sabtu, Minggu ga sampai.. Baru estimasi Senin",147,"JNECare"
"4",2022-12-04 22:25:56,"@JNECare selamat pagi min",25,"JNECare"
"5",2022-12-04 22:23:32,"@JNECare ini admin dm aing ga di respon 🙄🙄🙄🙄",44,"JNECare"
"6",2022-12-04 18:48:09,"@JNECare tolong di up kak..  JT14292916874",42,"JNECare"
"7",2022-12-04 17:51:11,"@_reywijaya @JNECare Paxel paling bener sih sejauh ini 😌",56,"_reywijaya"
"8",2022-12-04 16:00:31,"@JNECare halo kak, tolong balas DM yaa, terima kasih🙏",53,"JNECare"
"9",2022-12-04 15:58:22,"@JNECare kiriman dari hari jumat tdk berubah statusnya, sdh dm gak dijawab",74,"JNECare"
"10",2022-12-04 15:11:55,"@JNECare tolong cek dm min",26,"JNECare"
"11",2022-12-04 14:28:38,"Tgl 1/12 stts di hold krn kurang 1koli dengan alasan by req si shipper? WTF?!Shipper gw ga pernah req!tiba2 bsknya dtg DAN CUMA 1KOLI!!kemaneee 1 lagi!!!dan bangke nya tu di tracking ditulis finished!fxck! Ude kek bagasi li0n aer aje ngilang tu brg. TOLONG BACA DM GW @JNECare",276,"ekarajab"
"12",2022-12-04 14:23:46,"@JNECare cargo kalian ude gila ya?Ku punya 2 keluhan yg uda di email/dm tp suka2 kalian lah!
Cargo1,tgl 27/11 dikirim dari bekasi-jakpus&amp;sampai skrg uda seminggu tu paket entah berantah!woii ini bukan kirim EMS dari korsel-indo!
Cargo2,tgl 30/11 dikirim dari depok-jakpus 2koli c-",284,"JNECare"
"13",2022-12-04 14:19:26,"@JNECare tolong bales dm saya 2 hari dianggurin terus",53,"JNECare"
"14",2022-12-04 13:21:17,"@JNECare tolong dong balas DM saya",34,"JNECare"
"15",2022-12-04 13:10:33,"@JNECare hallo, kalo mau cek nomor resi melalui wa bagaimana ya?",64,"JNECare"
"16",2022-12-04 12:51:09,"@JNECare resi JY88982035037 dan JY74077983988 gimana ya ko stuck di gudang sortir jakarta sudah 3 hari, itu pdhal saya pake yang JNE YES loh kak yg estimasi pengiriman harusnya 1 hari, tolong bantu ya kak dibuat laporan dan di follow up ke tim terkait, terimakasih:)",266,"JNECare"
"17",2022-12-04 12:31:35,"@JNECare LU KENAPA DRAMA MULU SIH ANJENG? CAPE GW ASW. JAM SEGITU YA GW DIRUMAH. NYOKAP GW JUGA DIDEPAN, NAPA TULISANNYA NOBODY AT HOME? TOLOL LAH KURANG KURANGIN LU BIKIN KESEL ORANG. HERAN AING https://t.co/ex6ZdbweXn",195,"JNECare"
"18",2022-12-04 12:15:37,"@JNECare mau tanya status barang dengan nomer resi 018550046021022 sudah sampai dimana ya? Sebab paket yg dikirim bersamaan udah pada sampe",139,"JNECare"
"19",2022-12-04 12:12:19,"@ECYJ96 @JNE_ID @JNECare nih liat kelakuan",42,"ECYJ96"
"20",2022-12-04 12:07:42,"@JNECare Permisi, saya mau nanya, paket Jne YES saya dengan resi 120360001317222 kok belum sampe ya? tolong ditindak lanjuti :)",127,"JNECare"
"21",2022-12-04 11:58:13,"Laporan Klaim Garansi YES Ditutup Sepihak oleh Tim Klaim JNE - https://t.co/rip3437JmU cc @JNECare",98,NA
"22",2022-12-04 11:56:53,"@JNECare tolong cek DM, makasih",31,"JNECare"
"23",2022-12-04 11:51:36,"@JNECare selamat malam JNE. Mohon bantuannya atas informasinya mengenai paket yg tidak bisa dilacak. Terimakasih https://t.co/ruUwa6ctp5",112,"JNECare"
"24",2022-12-04 11:41:26,"@JNE_ID @JNECare parah sih",26,"JNE_ID"
"25",2022-12-04 11:39:38,"@JNECare hallo... DM balas dong,kirim pake YES kok ga sampe sampe sih...milih hrg mahal biar kualitas bagus kok malah buruk....DAMN!!!",134,"JNECare"
"26",2022-12-04 11:33:34,"@ShopeeID Min Matamu kemana. Di Tag kok gak dibaca-baca. Paketq nyasar itu lo. Mana @JNE_ID @JNECare buta ma budeg lagi. Akun besar gak ada yg pegang sama sekali. DM pasti sudah ratusan tp tak pernah ada tanggapan.",214,"ShopeeID"
"27",2022-12-04 11:14:43,"@mangoflavordjul @JNECare mau minta kompensasi",46,"mangoflavordjul"
"28",2022-12-04 11:13:10,"@mangoflavordjul @JNECare udah man.. anjay sumpah kzl bet",57,"mangoflavordjul"
"29",2022-12-04 11:13:01,"Cek dm min @JNECare",19,NA
"30",2022-12-04 11:09:43,"buat 4 cs @JNECare yang ngehadepin aku hari ini sama kemarin maaf ya, udah kena marah aku. yang salah bukan kalian ko. cuma gimana lagi aku jga gbisa ngomel” lngsng ke orang operation. sehat selalu yahh 😭🤍",205,NA
"31",2022-12-04 11:09:33,"@JNECare Halo, selamat sore admin. Kenapa paket saya tidak bergerak dari tadi pagi? Padahal jaraknya tidak terlalu jauh..",121,"JNECare"
"32",2022-12-04 11:00:24,"hallo @JNECare @JNE_ID paket saya harusnya sampai hari ini tapi tidak ada kejelasan dr tanggal 1 dia dimana. bagaimana tanggung jawabnya?",137,NA
"33",2022-12-04 10:53:31,"@JNECare @NonsubsidiX min cek dm",32,"JNECare"
"34",2022-12-04 10:42:17,"@JNECare min cek dm",19,"JNECare"
"35",2022-12-04 10:42:04,"@ECYJ96 maaf yg dari tgl 26 belum ada pergerakan numpang lewat @JNECare @JNE_ID https://t.co/uY3VJJ2X7i",79,"ECYJ96"
"36",2022-12-04 10:39:46,"@JNECare hai kak
Bs minta lacak pesanan q g?
No resi JNAP-0140078532",68,"JNECare"
"37",2022-12-04 10:25:07,"@loopymkit @HarisTung7 @JNECare kalo telpon cs ditanggapi gk y",62,"loopymkit"
"38",2022-12-04 10:24:59,"@loopymkit @LagiPW @JNE_ID @JNECare kalo telpon ditanggapi gak ya?",66,"loopymkit"
"39",2022-12-04 10:22:55,"@hoybubble @JNE_ID @JNECare telpon cs gak dijawab kak?",54,"hoybubble"
"40",2022-12-04 10:18:34,"hallo @JNECare .. kenapa paket saya 1 minggu belum nyampe juga yaaaaaaa",71,NA
"41",2022-12-04 10:18:32,"@JNECare @NonsubsidiX Tolong dong @JNECare paket saya dibuka dan diganti air mineral trus ditambal lg pake selotip bening. Tolong diselidiki",140,"JNECare"
"42",2022-12-04 10:11:35,"@JNECare cek dm min. thx",24,"JNECare"
"43",2022-12-04 10:02:17,"@JNECare cek dm min",19,"JNECare"
"44",2022-12-04 09:28:32,"@JNECare - @JNE_ID 

bisa maketin paket internet?",49,"JNECare"
"45",2022-12-04 09:27:01,"@JNECare cok, gaada responnya! Gaada kabar juga https://t.co/47pSJXTIxM",47,"JNECare"
"46",2022-12-04 09:23:48,"@JNECare cek dm kak",19,"JNECare"
"47",2022-12-04 09:11:52,"@JNECare Mohon bantu follow up resi ini 543530036401322 .

Statusnya sudah dari tanggal 28 tidak bergerak dan belum juga di prosess kirim . Terimakasih",151,"JNECare"
"48",2022-12-04 09:09:54,"Cek DM admin @JNECare",21,NA
"49",2022-12-04 08:51:33,"@JNECare @JNE_ID min, ane kirim paket tapi petugas salah input kota min. Baru tau pas ditracking. Alamat dan no telpon betul, tapi kota salah min. Bagaimana ya min?",164,"JNECare"
"50",2022-12-04 07:56:58,"@JNECare min coba dm saya duluan dong, sy gk bs dm. mau nanyain pakett",70,"JNECare"
"51",2022-12-04 07:31:36,"@JNECare RESPON DMnya jangan GAGU",33,"JNECare"
"52",2022-12-04 07:03:23,"@kun11xxd @JNE_ID @JNECare Panjen sebelah manaaaa alll",54,"kun11xxd"
"53",2022-12-04 06:58:50,"@JNECare 
Hi min, please bantu donk, ini paket terkendala dmn ya?",65,"JNECare"
"54",2022-12-04 06:44:16,"@JNECare @JNE_ID PAKET SAYA KEBURU BASI",39,"hoybubble"
"55",2022-12-04 06:38:31,"Saya harus komplain kemana ya? Pihak JNE cabang kepanjen malang dihubungi tidak bisa. Customer care tidak menjawab. Paket saya stuck sudah 4hr di cabang panjem dan itu isinya makanan, tolong @JNE_ID @JNECare",207,NA
"56",2022-12-04 06:36:58,"@JNECare lagi kenapa siih... seminggu ini udh 2x paket nyangkut kelamaan. Tolong jgn gini laaah https://t.co/Ww7w30jKb8",95,"JNECare"
"57",2022-12-04 06:32:29,"@JNECare hi, mohon cek DM",25,"JNECare"
"58",2022-12-04 06:28:46,"Halo min @JNECare ini gimana? https://t.co/X9CX8OgaEZ",29,NA
"59",2022-12-04 06:25:58,"@loopymkit @JNECare Ahhh kampret lah 😭😭😭
Kudunya bisa nyampe hr jumat loh parah bgt",83,"loopymkit"
"60",2022-12-04 06:21:11,"@snflwr_27 @JNECare lg kacau jne kekna. byk yg dm ga ad yg di bls. biasaya cs nya 24 jam trus cepet bls. smua bykkan di tulis sp kebayoran walopun mesti anter ke wilayah laen.",175,"snflwr_27"
"61",2022-12-04 05:50:28,"@JNECare ada apa JNE, banyak paket yang tidak bergerak sudah beberapa hari",74,"JNECare"
"62",2022-12-04 05:48:04,"Hallo @JNECare paket sy dengan resi 110830005974022 kok blm bergerak ya? Bisa dibantu karena berisi dokumen penting",115,NA
"63",2022-12-04 05:48:00,"@JNECare ini kok ga sampe2 ya min? Otwnya udah dr kmrn https://t.co/e95AuA0ZH1",54,"JNECare"
"64",2022-12-04 05:19:25,"@JNECare 410550016773222 paket kiriman saya dari tgl 30 tujuan Jakarta kenapa belum sampe ya? Dan gak ada update sampe sekarang!!! Udah 5 hari! Gimana ini tanggung jawabnya?! @JNECare",183,"JNECare"
"65",2022-12-04 05:05:36,"@JNECare min bisa cek 8811622234076357
Sudah 5 hari belum ada perubahan",71,"JNECare"
"66",2022-12-04 04:42:57,"@JNECare BOSS!! cek DM",22,"JNECare"
"67",2022-12-04 04:30:16,"@LagiPW @JNE_ID @JNECare iya aneh. biasanya respon selalu cepet bahkan cs nya 24 jam, skrg ga ad yg jwb satu pun. byk yg di cuekin",130,"LagiPW"
"68",2022-12-04 04:27:05,"@HarisTung7 @JNECare lg aneh kekna jne. biasa twitter di bls dlm itungan menit ini kekna ngilang, byk yg ga di bales",116,"HarisTung7"
"69",2022-12-04 04:05:39,"@JNECare HALLOOOOOO PAKET SAYA KEMANAAAAAA YAAA",47,"tiarapadma"
"70",2022-12-04 03:47:52,"Halo min, tolong cek DM aku ya, terimakasih. @JNECare",53,NA
"71",2022-12-04 03:44:38,"@JNECare tlg bantu cek paketan ini sdh seminggu blm sampai JT63778156152",72,"JNECare"
"72",2022-12-04 03:09:22,"@JNECare kenapa paketnya nge stuck lama banget, kapan mau dikirim ya 😭 https://t.co/UVcZlAtxve",70,"JNECare"
"73",2022-12-04 02:59:42,"Paket saya sudah 10hari pengiriman dari tgl 25 sampai hari ini belum sampai dan tidak ada pergerakan nyandi status pengiriman resi : JT81879414222 mohon di tindaklanjuti. Saya sudah bayar ongkir mahal sekitar 50rb-an untuk JNE kargo tetapi barang lama sekali sampai @JNECare",274,NA
"74",2022-12-04 02:50:15,"@JNECare paket saya tidak ada pergerakan dari tanggal 1 sekarang sudah tanggal 4 padahal Tangerang Bandung kok lama banget. telpon customer care juga cuman baca notif doank gak guna. Gak jelas posisi paket dimana https://t.co/rmZJGIxDJ1",212,"JNECare"
"75",2022-12-04 02:37:24,"@JNECare Halo, ini gimana ya JNE YES kok katanya estimasi cuma 1 hari tapi sampe sekarang belum sampe? 064880071033922 https://t.co/SGM5LoH79U",118,"JNECare"
"76",2022-12-04 02:30:57,"Selamat Pagi @JNECare saya kirim paket gunakan YES dgn resi 280040056707422. deteksi terakhir shipmen problem -&gt; Received at inbound station Jakarta, hub Veteran Bintaro.
Mhn bantuan utk tetap disampikan ke penerima, sesuai alamat surat (abaikan kode pos yg mungkin salah) Tks.",280,NA
"77",2022-12-04 02:14:35,"@JNECare kenapa paket saya 2 haristatus nya masih sama pengiriman ke kota tujuan,",81,"JNECare"
"78",2022-12-04 02:08:28,"@JNECare halo Min, ditunggu respons DM saya",43,"JNECare"
"79",2022-12-04 01:51:54,"jne daerah waru sidoarjo apa ada yang masih menerima drop paket di hari minggu? @JNE_ID @JNECare",96,NA
"80",2022-12-04 01:51:46,"Halo @JNECare jne ada masalah apa sama saya? https://t.co/X91WrULkYZ",44,NA
"81",2022-12-04 01:50:05,"@JNECare  saya kirim paket buru2 biar cepet sampai sana. Malah jadi lama gara gara ekspedisi. Tolong pertanggung jawabanya kendalanya apa dan kapan sampainya.",158,"EraRealita"
"82",2022-12-04 01:48:20,"@JNECare  saya kirim paket ke Lampung sudah 7 hari belum sampai. Akhir2 ini pengiriman jadi lama. Kalau misal ada kendala di proses ekspedisi lebih baik disampaikan diawal. Jadi customer bisa punya punya pilihan. Kalau kaya gini merugikan customer.",248,"JNECare"
"83",2022-12-04 01:47:09,"@JNECare kenapa paketku gak gerak gerak????",43,"JNECare"
"84",2022-12-04 01:44:15,"@JNE_ID @JNECare 
JT68367285647
Resi ini tdk ada update..bantu foll up.tks",74,"JNE_ID"
"85",2022-12-04 01:44:10,"@JNE_ID @JNECare 
JT68367285647
Resi ini tdk ada update..bantu foll up.tks",74,"JNE_ID"
"86",2022-12-04 01:44:06,"@JNE_ID @JNECare 
JT68367285647
Resi ini tdk ada update..bantu foll up.tks",74,"JNE_ID"
"87",2022-12-04 01:43:59,"@JNE_ID @JNECare 
JT68367285647
Resi ini tdk ada update..bantu foll up.tks",74,"JNE_ID"
"88",2022-12-04 01:35:09,"@JNECare kok chat saya blm di balas balas ya ?",46,"JNECare"
"89",2022-12-04 01:32:13,"@JNECare giliran “kalau” saya gamau ambil sendiri barang saya, nnti barangnya ga gerak2 driver HANIF juga ga respon lagi saya chat untuk menanyakan keberadaan paket saya, GIMANA ini?!!! tolong yaa responnya. Saya DM juga tidak d respon",235,"JNECare"
"90",2022-12-04 01:30:40,"@JNECare kaget saya, pesan JNE Cargo tapi suruh ambil paket sendiri ngikutin kemauan driver. Saya pesan pake JNE CARGO karena barang pesanan saya byk dan besar ukurannya, jd saya minta pelayanan cargo supaya barang saya d antar sampai depan rumah!",247,"JNECare"
"91",2022-12-04 01:29:09,"@JNECare alasan driver HANIF gamau mengantar smpau depan rumah saya krna jln d tutup, pdhl jln menuju rumah saya tidak hanya 1 jln pintas saja! driver HANIF minta saya ambil barang saya ke kampung sebelah yg jaraknya kisaran 20 menit dr rumah saya",247,"JNECare"
"92",2022-12-04 01:27:03,"@JNECare hallo admin JNE . Bagaimana kabar paketan saya yg menggunakan JNE Cargo ya? Area pengiriman magelang &amp; purworejo. Driver atas nama HANIF sdh pernah chat saya mau antar barang tp tidak mau mengantar sampai depan rumah saya",234,"JNECare"
"93",2022-12-04 00:55:59,"Min @JNECare ini kenapa yah paket udah 2 hari stuck gak bergerak progresnya.. https://t.co/Gq9Ds8Vnln",77,NA
"94",2022-12-04 00:50:14,"@JNE_ID @JNECare @jne_bdo halo kak ini pesanan saya dari tanggal 30 belum sampai juga Kak tolong dong dibantu JT99885702179",123,"JNE_ID"
"95",2022-12-04 00:49:34,"@JNECare pagi min, mau tanya nih untuk pengiriman yang menggunakan paket YES apakah bisa hari ini sampai jika barang dikirim kemarin ?  Sebelumnua saya menggunakan YES, barang sampai dirumah dalam waktu 3 hari. Jadi tidak ada perbedaan dengan paket reguler",256,"JNECare"
"96",2022-12-04 00:45:45,"@buncyz @JNECare @JNE_ID banyakan ngeluh, noh lyt punya ane dari tgl 26 ampe sekarang gatau tuh paket ada dimana aowkaowkok. Ampe udah abis estimasinya @JNECare https://t.co/VPhJwzkTg3",160,"buncyz"
"97",2022-12-04 00:20:25,"@JNECare pagi min skrg sabtu minggu tidak ada pengantaran? 300410032590322",74,"JNECare"
"98",2022-12-04 00:15:46,"@buncyz @JNECare @JNE_ID Sama nih @care_jne @JNE_ID 
Gw pake YES biar cepet sampe
Ehh tau nya sampenya kaya reguler. Ngapain gw bayar lebih kalau servicenya ga lebih https://t.co/0T4ycZbm3j",165,"buncyz"
"99",2022-12-04 00:09:46,"@JNECare baca dm ku dong",24,"JNECare"
"100",2022-12-04 00:08:10,"tgl 2 des jam 2 pagi sampe sekarang itu di origin gate jkt ngapain aja paket ga gerak? udh email cs ga dibales @JNECare @JNE_ID https://t.co/ZJZWZj6eYz",127,NA
"101",2022-12-03 23:17:28,"@bowntell @JNE_ID @JNECare Optimalisasi kont*l",46,"bowntell"
"102",2022-12-03 23:16:29,"@bowntell @caramelle0 @ycitras @joymuliawan @JNE_ID @JNECare @ShopeeID @ShopeeID juga kek ta*k",94,"bowntell"
"103",2022-12-03 23:13:54,"@JNE_ID @thenmustbayuaja @JNECare Taik",38,"JNE_ID"
"104",2022-12-03 23:12:46,"@JNE_ID @JNECare Parah nih mana paket gw min CM26138285355",58,"JNE_ID"
"105",2022-12-03 22:32:13,"@JNECare paket saya nyangkut dari tgl 28 Nov gak sampe2 tolongggg. Udah seminggu ini.",85,"JNECare"
"106",2022-12-03 22:20:07,"@JNECare Paket saya ga nyampe nyampe sudah hari ke 3 hari ini, ga dikirim2 dari jakarta https://t.co/AvHWS5rjay",87,"JNECare"
"107",2022-12-03 16:48:12,"@JNECare Baca DM saya dong min sudah lebih dari 5 jam belum dibalas",67,"JNECare"
"108",2022-12-03 15:54:42,"@JNECare paket saya dg resi TLJC35XYMKRCV79Y msh stuck di jakarta sudah seminggu tdk bergerak sama sekali.",106,"JNECare"
"109",2022-12-03 15:51:21,"@JNE_ID @JNECare jelek bgt pelayanan lu",39,"JNE_ID"
"110",2022-12-03 15:49:04,"paket urg dari jam 9 pagi sampe jam 6 burit ngapain aja woe? mabar?
@JNECare https://t.co/aGAwkqn9Is",76,NA
"111",2022-12-03 15:11:43,"@JNECare bantu cek min gak jalan2 ini paket TLJC3D0PJTRCEC4V..
Nyesel gua pake Jne..",84,"JNECare"
"112",2022-12-03 15:00:26,"Halo min, cek DM saya @JNE_ID @JNECare",38,NA
"113",2022-12-03 14:49:19,"beli kulkas di official store LG lazada pas 11.11. dpt notif paket diterima di bandung oleh orang tk dikenal pdhl ak dom bogor. ditanya nomor kurir &amp; bukti terima ke jne &amp; lzd, 22nya gabisa. akhirny pengembalian dana. tetep aja, AP YG TERJADI DENGAN PAKETKU
@JNECare @LazadaIDCare https://t.co/0Cx79g4HkS",288,NA
"114",2022-12-03 14:36:15,"@nalamazu @JNECare Yaampun ternyata ada yg begini. Punyaku jg kak🥺",66,"nalamazu"
"115",2022-12-03 14:17:07,"@lycowings @JNE_ID @JNECare hufth",33,"lycowings"
"116",2022-12-03 14:06:48,"@JNECare paket saya sudah seminggu knp ga datang” jg? ttp stuck ga ada pergerakan. pdhl barang akan segera dipakai. tolong dongggg. ya Allah 😭😭😭",144,"JNECare"
"117",2022-12-03 13:57:59,"@wididihhh @JNECare gass wkwkw melukis meneh?",45,"wididihhh"
"118",2022-12-03 13:57:02,"@iilhammm___ @JNECare Dolan umahmu penak ki hamm",48,"iilhammm___"
"119",2022-12-03 13:54:27,"uang kembali ga nih min wkwk @JNECare https://t.co/9cYhmQdhRm",37,"iilhammm___"
"120",2022-12-03 13:52:53,"itu deket banget masa sih iya ga dianter hari ini wkwk @JNECare pake yes lho cuma semarang tegal 😂😭 https://t.co/JKG85qKmve",99,"iilhammm___"
"121",2022-12-03 13:51:24,"nyoba ke kantor jne di gajahmada, katanya masih di gudang wkwk. padahal dah di gudang dari pagi lho wkw @JNECare https://t.co/rIWSYKqC4h",112,"iilhammm___"
"122",2022-12-03 13:42:52,"@JNECare kak cek dm",19,"JNECare"
"123",2022-12-03 13:41:25,"@JNECare gajelas banget pake JNE Trucking, trackingnya aja php dan gajelas banget! masa tgl 1 bilangnya udah otw kota tujuan, eh besoknya statusnya balik lagi ke surabaya? kocak! https://t.co/gSqX6qbyLI",178,"JNECare"
"124",2022-12-03 13:29:14,"@JNECare bales dm kenapa? Dari kemarin sy dm gak di bales bales",63,"JNECare"
"125",2022-12-03 12:53:19,"@JNECare @JNE_ID sibuk banget sampe dm cust dianggurin seharian",63,"JNECare"
"126",2022-12-03 12:52:20,"@JNECare mohon maaf Kak tanya paket Resi : JT67707644085
Terimakasih 🙏",70,"JNECare"
"127",2022-12-03 12:51:14,"@JNECare min paketku udah 5 hari ga nyampe2, gimana nih?",56,"JNECare"
"128",2022-12-03 12:32:39,"@JNECare INI SAMPAI AJA KE TUNJUAN ATAU HUBUNGIN PEMBELI AJA BELUM UDAH DI BILANG GAGAL STATUSNYA?? https://t.co/fdsT008u1q",99,"JNECare"
"129",2022-12-03 12:26:46,"Saya tanya status paket yg dikirim dari hari senin kok belum sampai/diterima?? Terus jg ud DM dan kirim email tidak respon sama sekali?? @JNE_ID @JNECare",153,NA
"130",2022-12-03 12:20:21,"halo min, ini paket saya dengan nomor resi JT13851329370  dari tanggal 23 belum dikirim kirim oleh pihak ekspedisinya, katanya overload, tapi  masa overload sampe hari ini belum juga dikirim min padahal ga ada hari hari besar seperti 11.11
@JNE_ID @JNECare",256,NA
"131",2022-12-03 12:20:16,"Lanjutan soal transaksi dicancel di shopee dan dianggap barang hilang, padahal tidak hilang 

Disclaimer:
Cerita dari sisi penjual

cc: @JNE_ID @JNECare 
cc: @ShopeeID @ShopeeCare https://t.co/eztlOYEaF9",179,NA
"132",2022-12-03 12:18:57,"halo min, ini paket saya dengan nomor resi JT13851329370  dari tanggal 23 belum dikirim kirim oleh pihak ekspedisinya, katanya overload, tapi  masa overload sampe hari ini belum juga dikirim min padahal ga ada hari hari besar seperti 11.11 @JNE_ID @JNECARE",256,NA
"133",2022-12-03 12:18:09,"@JNECare hallo min paket saya ko blm sampe sampe ia? Padahal jkt ke tgr dari tgl 30 nov blm sampe",97,"JNECare"
"134",2022-12-03 12:05:51,"Haloo @JNECare gmn ya tanggapannya, tumben slow respon skrng ?!",63,"dan7heaven"
"135",2022-12-03 11:58:48,"@JNECare min, tolong cek DM",27,"JNECare"
"136",2022-12-03 11:48:32,"Cek DM min
@JNECare @JNE_ID",27,NA
"137",2022-12-03 11:37:05,"ditengah persaingan jasa pengiriman yg semakin ketat jne semakin mengecewakan pelayanannya, semoga bisa diperbaiki kembali pelayananya dan bisa bersaing secara sehat. 
@JNE_ID @JNECare",184,NA
"138",2022-12-03 11:30:00,"@JNECare tolong cek dm saya

Terima kasih",41,"JNECare"
"139",2022-12-03 11:26:44,"@nofrizalwardoyo @JNECare tadi udah telpon cs nof, tp kalo mau bantu boleh bangettt. Udah email jg",98,"nofrizalwardoyo"
"140",2022-12-03 11:23:55,"@fajarrusalem @JNECare Coba sini saya bantu mas",47,"fajarrusalem"
"141",2022-12-03 11:19:14,"@JNECare @NonsubsidiX Paket no resi 022880087357122 status lambat banget dahal dr bandung-tangerang belom sampai juga...status kmrn udah d soeta hr ini cek dbandung lagi  gmna ni???selasa mau pulkam gk ada orang",211,"JNECare"
"142",2022-12-03 11:12:25,"@cahtrowongan @JNECare Iyaaaak. Ada paket yg kardusnya bolong, trs paketnya banyak yg ilang isinya",98,"cahtrowongan"
"143",2022-12-03 11:09:00,"@AditMadrid87 @JNECare Samaa takut ditipu seller / emg jne nya lg error ya😭",75,"AditMadrid87"
"144",2022-12-03 11:06:32,"@JNECare dm dibales min",23,"JNECare"
"145",2022-12-03 11:05:27,"@JNECare hai admin tolong komplain Karyawan nya soalnya paket saya tidak  sudah 3hari ini Resi: JT21946799181 padahal masih satu provinsi.?",139,"JNECare"
"146",2022-12-03 10:53:53,"@fajarrusalem @JNECare emang jelek mas jne sekarang, pernah dikirimin barang hampir 3 hari berhenti di gudang, giliran disamperin malah baru dianter ama kurirnya jadi nunggu lagi di rumah",187,"fajarrusalem"
"147",2022-12-03 10:37:30,"@JNECare mohon cek dm dari saya, terima kasih",45,"JNECare"
"148",2022-12-03 10:25:15,"@JNE_ID @JNECare 010290037855222 mau dipakai besok tp masih belum sampai 😭😭😭 https://t.co/EQ8nIO0QID",76,"JNE_ID"
"149",2022-12-03 10:07:06,"Udah mah lagi emosi gegara paket buat ibu bapa di jebol ini kok malah kerasa gempa 🥲 @JNECare https://t.co/EgkRcN71EJ",93,NA
"150",2022-12-03 10:05:05,"@JNECare selamat sore, mohon cek DM. Terimakasih",48,"JNECare"
"151",2022-12-03 09:56:27,"@JNECare maaf saya baru pertama kali ngalamin kaya gini niat hati mau kirim makanan ke orang tua eh malah di bobol udah gitu beda lakban pula masa kejadian kaya gini terjadi lagi dan lagi tindakan apasih yang di lakukan CS soal masalah kaya gini biar tak ada lagi korban. https://t.co/hqb3Iq6Sv9",271,"JNECare"
"152",2022-12-03 09:25:59,"@JNECare cek dm tot",19,"JNECare"
"153",2022-12-03 09:22:20,"@JNECare cek dm min",19,"JNECare"
"154",2022-12-03 09:14:05,"@zomet13 @JNECare Emang pakai JNE kirim coklatnya?",50,"zomet13"
"155",2022-12-03 08:44:53,"@JNECare Paketku airwaybill is not found, gimana nih udah 1x24 jam",66,"JNECare"
"156",2022-12-03 08:35:05,"@JNECare Halo jne.. paket resi JT84617284998
Sudah 8 hari blum smpe,
Mohon segera diproses yaa",94,"JNECare"
"157",2022-12-03 08:26:51,"@JNECare paket saya dengan resi 010940109919722 kenapa tidak bisa di tracking?",78,"JNECare"
"158",2022-12-03 08:07:09,"@JNECare paket saya resi 110830005974022 harusnya udah sampe dr kmrin ini gimana saya keburu buru butunya ga sampe2!!!!! Mohon segera ditindak lanjuti",150,"JNECare"
"159",2022-12-03 07:55:11,"@JNECare tlg cek dm minn",24,"JNECare"
"160",2022-12-03 07:53:28,"Selamat siang... Pesanan saya dg nomor resi JT07402434122 kok gagal terus sih? Tolong dong perbaiki kualitas pelayanannya min @JNECare.. https://t.co/jPYy92KLdX",136,NA
"161",2022-12-03 07:45:35,"@JNECare min cek dm makasih",27,"JNECare"
"162",2022-12-03 07:38:46,"@JNECare paket saya udah lewat eta nih gak nyampe², malah eta nya di perpanjang sampe tanggal 7. Di track paketnya stuck disitu² aja dri tgl 30 belum gerak sama sekali, malah di perpanjang eta nya. Tolonglah ini gimana? Sering bgt begini klo pake JNE.",251,"JNECare"
"163",2022-12-03 07:38:16,"@JNECare tolong check DM ya",27,"JNECare"
"164",2022-12-03 07:36:06,"@fajarrusalem @JNECare Via Telp Om klo JNE",42,"fajarrusalem"
"165",2022-12-03 07:25:45,"@JNECare cek DM min",19,"JNECare"
"166",2022-12-03 07:15:51,"Min @JNECare dm saya tolong dibaca",34,NA
"167",2022-12-03 07:13:33,"@Sufyanisss_ @JNECare @JNE_ID Yaudah deh coba ya, brodiii @JNE_ID MAU NGADU DONG INI PAKETAN SAYA ADA PROBLEM",109,"Sufyanisss_"
"168",2022-12-03 07:07:14,"@JNECare cek dm min",19,"JNECare"
"169",2022-12-03 07:05:44,"@fajarrusalem @JNECare Kesini mas @JNE_ID",41,"fajarrusalem"
"170",2022-12-03 07:05:31,"@JNE_ID @JNECare halooo saya pesan barang dengan layanan YES. tapi sampai jam segini masih belum ada tanda tanda sedang diantar kurir. tolong hari ini harus sampai, karna barangnya akan saya bawa dinas besok pagi. terima kasih https://t.co/wuBK998VqB",226,"JNE_ID"
"171",2022-12-03 07:05:07,"@JNECare
padahal jelas disitu dikirim untuk siapa beserta nomor teleponnya, JNE YES loh padahal??? https://t.co/GD5ipckcGi",98,"_reywijaya"
"172",2022-12-03 07:04:02,"@JNECare halo min, mohon di follow up dong paket saya dengan resi 5404562200179695 statusnya dari kemarin di warehouse Soreang terus dari jam 3 subuh, sampe sekarang kenapa masih blm diantar ke alamat rumah ya? Ini sudah melebihi estimasi. Terima kasih. https://t.co/vF9CM3ZWgc",253,"JNECare"
"173",2022-12-03 07:01:57,"@mutyaagustine @JNECare @JNE_ID Mut lu bermasalah mulu dah ini jne 😭😭😭",70,"mutyaagustine"
"174",2022-12-03 07:01:44,"@JNECare 
aduh ini ngaco banget ya JNE sekarang pelayanannya? ITU SIAPA ASEP? NGIRIM JAM 23.29 GASALAH TUHHH?? ga jelas banget udah 2x kejadian kaya gini??????? https://t.co/DlndRxZDg1",160,"JNECare"
"175",2022-12-03 06:50:22,"@JNECare @JNE_ID bener2 gamau ngirim paket gue apa ya anjimm😭😭😭😭😭😭",66,"JNECare"
"176",2022-12-03 06:37:35,"@JNECare tolong balas dm saya",29,"JNECare"
"177",2022-12-03 06:36:03,"@JNECare @JNE_ID , hati2 dong tiap kirim jtr paket selalu ancur . sedih tau berharap paket dtg baik2 aja tp malah gini . kejadian paket ancur udh sering bgt :((( https://t.co/HhZ8owZflP",161,"JNECare"
"178",2022-12-03 06:32:55,"@Akbarfawzi @JNECare Iya coba wasap bar, ajarin aku bar",55,"Akbarfawzi"
"179",2022-12-03 06:30:22,"@JNECare cek dm ya min 🙏",24,"JNECare"
"180",2022-12-03 06:29:16,"@JNECare Mau ambil paket di semarang, qmbilnya dimana yha ?",59,"JNECare"
"181",2022-12-03 06:11:12,"@saintisbae @JNECare Akhirnya gimana kak? Sampe ga? Sy juga gitu soalnya skrg",77,"saintisbae"
"182",2022-12-03 06:10:43,"@JNECare @JNE_ID kok resinya gak bisa di chek ya? https://t.co/TVOcejWO9C",49,"JNECare"
"183",2022-12-03 06:02:31,"@JNECare nggak jadi. Barangnya udah dateng.",43,"adisatriaka"
"184",2022-12-03 05:55:08,"@fajarrusalem @JNECare Mas jar yg ngirim? Samperin aja mas nanti dikasi WA sama CSnya. Soalnya tiap daerah sekarang bisa chat WA, biar cepet difollow up",152,"fajarrusalem"
"185",2022-12-03 05:54:37,"@JNECare CEK DM min. URGENT",27,"JNECare"
"186",2022-12-03 05:35:19,"@JNECare min tolong cek dm tq",29,"JNECare"
"187",2022-12-03 05:34:55,"@JNECare paket kakak saya dg resi 350640000830722 kok gak sampai² ya, malah muter² di jateng, padahal dari kediri tujuan Bojonegoro sama jatim. Tolong di cek min, paket dokumen penting.",185,"JNECare"
"188",2022-12-03 05:27:39,"@JNECare tolong balas chat saya dong, paket gk ada update lagi ini resi dari kemarin",84,"JNECare"
"189",2022-12-03 05:19:36,"@tonskat @JNECare Parah ton, dicuekin :((( barang hilang",56,"tonskat"
"190",2022-12-03 05:14:46,"@dickengineer @JNECare Gimana kak skrg? Paketnya sampe ga? Punya saya juga stuck gini soalnya.",94,"dickengineer"
"191",2022-12-03 05:14:17,"@JNE_ID @JNECare Pak paket saya belum dikirim 5 hari di kantor JNE Purbalingga katanya suruh bayar asuransi sampe 50%",117,"JNE_ID"
"192",2022-12-03 05:13:20,"@Alegori_al @JNECare Gimana paketnya skrg kak? Nyampe ga? Punya saya juga gini skrg",83,"Alegori_al"
"193",2022-12-03 05:07:21,"@alex_yohanes11 @JNECare Ka alex, ini akhrnya gmn? Paketku jg di laporkan udh di terima. Pdhl aku blm terima sama sekali",120,"alex_yohanes11"
"194",2022-12-03 05:03:22,"@RompiMerah @JNECare Beli di Ijo apa Oren?",42,"RompiMerah"
"195",2022-12-03 05:00:19,"@indranovember @JNECare Penyelesaian nya gmn ka?",48,"indranovember"
"196",2022-12-03 04:59:47,"@zah_hf @indranovember @JNECare Udh kelar blm ka? Aku ad kasus gini jg nih",74,"zah_hf"
"197",2022-12-03 04:58:48,"@JNECare tlg cek dm ya terkait no resi TLJX3DWUW5RCTK7X",55,"JNECare"
"198",2022-12-03 04:56:29,"@JNECare JNE Yes bapuk bener. Ganti nama aja jadi YNS, Yakin Nanti Sampai",73,"JNECare"
"199",2022-12-03 04:49:51,"@fajarrusalem @JNECare Wah diriku juga jar, mesen pake yes tapi kelakuanya regular",82,"fajarrusalem"
"200",2022-12-03 04:43:34,"BRO @JNECare BENERAN DICUEKIN BANGET NI? https://t.co/2PsBdOhlnU",40,NA
"201",2022-12-03 04:41:28,"@JNECare halo min saya mau nanya paket saya yang dikirim dari Bukalapak pakai JNE ,ko resinya belum update ya dari semalem saya kirim",133,"JNECare"
"202",2022-12-03 04:20:10,"@JNE_ID Day-15
@JNECare @JNE_ID berkas Sudah d krm ke email dn wa utk pegantian barang hilang no resi 012500105614122, SEGERA DI PERCEPAT YA PROSES NYA, INI MUTLAK KESALAHAN DARI KALIAN, 100% GANTI SETARA NILAI BARANG SAYA, saya terus mention setiap hari sampai diganti rugi dan diproses!",288,"JNE_ID"
"203",2022-12-03 04:19:54,"@JNE_ID @indrisarpaniar Day-15
@JNECare @JNE_ID berkas Sudah d krm ke email dn wa utk pegantian barang hilang no resi 012500105614122, SEGERA DI PERCEPAT YA PROSES NYA, INI MUTLAK KESALAHAN DARI KALIAN, 100% GANTI SETARA NILAI BARANG SAYA, saya terus mention setiap hari sampai diganti rugi dan diproses!",304,"JNE_ID"
"204",2022-12-03 04:19:43,"@JNE_ID Day-15
@JNECare @JNE_ID berkas Sudah d krm ke email dn wa utk pegantian barang hilang no resi 012500105614122, SEGERA DI PERCEPAT YA PROSES NYA, INI MUTLAK KESALAHAN DARI KALIAN, 100% GANTI SETARA NILAI BARANG SAYA, saya terus mention setiap hari sampai diganti rugi dan diproses!",288,"JNE_ID"
"205",2022-12-03 04:19:29,"@JNE_ID Day-15
@JNECare @JNE_ID berkas Sudah d krm ke email dn wa utk pegantian barang hilang no resi 012500105614122, SEGERA DI PERCEPAT YA PROSES NYA, INI MUTLAK KESALAHAN DARI KALIAN, 100% GANTI SETARA NILAI BARANG SAYA, saya terus mention setiap hari sampai diganti rugi dan diproses!",288,"JNE_ID"
"206",2022-12-03 04:19:14,"@JNE_ID Day-15
@JNECare @JNE_ID berkas Sudah d krm ke email dn wa utk pegantian barang hilang no resi 012500105614122, SEGERA DI PERCEPAT YA PROSES NYA, INI MUTLAK KESALAHAN DARI KALIAN, 100% GANTI SETARA NILAI BARANG SAYA, saya terus mention setiap hari sampai diganti rugi dan diproses!",288,"JNE_ID"
"207",2022-12-03 04:18:59,"@JNE_ID @jokowi Day-15
@JNECare @JNE_ID berkas Sudah d krm ke email dn wa utk pegantian barang hilang no resi 012500105614122, SEGERA DI PERCEPAT YA PROSES NYA, INI MUTLAK KESALAHAN DARI KALIAN, 100% GANTI SETARA NILAI BARANG SAYA, saya terus mention setiap hari sampai diganti rugi dan diproses!",296,"JNE_ID"
"208",2022-12-03 04:18:42,"@JNECare 4x bikin laporan, barang tetap belum dateng.
pagi status barang dibawa kurir ke lokasi, malem selalu gagal pengiriman, setiap call CS blg karena rumah/kantor kosong... otak kurir lo kali tu kosong, boong mulu!",218,"JNECare"
"209",2022-12-03 04:18:40,"@JNE_ID @hariankompas Day-15
@JNECare @JNE_ID berkas Sudah d krm ke email dn wa utk pegantian barang hilang no resi 012500105614122, SEGERA DI PERCEPAT YA PROSES NYA, INI MUTLAK KESALAHAN DARI KALIAN, 100% GANTI SETARA NILAI BARANG SAYA, saya terus mention setiap hari sampai diganti rugi dan diproses!",302,"JNE_ID"
"210",2022-12-03 04:18:27,"@JNECare Hey gaess.. paketku ini ga ada kabar kaburnya gaes.. udah seminggu lebih. Di gudang kata kurirnya ga ada. Di tracking katanya No body at home. Kan membagonnkan sekali @JNE_ID  saat ini.",194,"JNECare"
"211",2022-12-03 03:52:23,"@JNECare @JNE_ID percuma banget pake YES ""yakin esok sampai"" dua hari gak nyampe-nyampe wkwkwkkwwk lawak",104,"JNECare"
"212",2022-12-03 03:47:56,"@JNECare minta tolong di cekkan status resi saya. Resi :SIA002747713921 soalnya saya cek online belum ada keterangan",116,"JNECare"
"213",2022-12-03 03:47:14,"@JNE_ID @JNECare ini stuck di gateway 3 hari maksudnya paan jing https://t.co/eZ5fKsPpX1",64,"JNE_ID"
"214",2022-12-03 03:44:15,"@JNE_ID @JNECare PAKET GW STUCK BANGSATTTTTTTTTTTT",50,"JNE_ID"
"215",2022-12-03 03:04:08,"@JNECare 
Kode booking BLJC223401591834

Sudah saya kirim dari kemarin, status di aplikasi Bukalapak nya masih di prosés, padahal sudah di Pickup expedisi",154,"JNECare"
"216",2022-12-03 02:49:21,"@JNECare cek dm min",19,"JNECare"
"217",2022-12-03 02:37:14,"@JNECare najis bgt lemoootttt",29,"JNECare"
"218",2022-12-03 02:23:12,"@JNECare Ini kenapa dah paket, dari penjual sudah dikirim. Sudah diterima kurir, tapi paket gamau jalan dari tgl 25 November sampe sekarang. Kualitasnya gimana sih? lagi pada healing kurirnya? JT35111838946",206,"JNECare"
"219",2022-12-03 02:21:32,"@falfalah__ @JNECare kirimannya, kakak dapat tetap diakses melalui Call Center (021-2927-8888), Facebook: JNE Pusat dan email: customercare@jne.co.id kak :) Thanks ^Rosi (2/2)",175,"JNE_JLC"
"220",2022-12-03 02:21:12,"@falfalah__ @JNECare Hai kak Falfalah, mohon maaf sudah membuat kakak tidak nyaman. Kami informasikan bahwa saat ini sedang ada optimalisasi pada twitter: @JNECare. Layanan customer service untuk menanyakan (1/2)",212,"falfalah__"
"221",2022-12-03 02:16:20,"@JNECare paketnya macet JT85947134874",37,"JNECare"
"222",2022-12-03 01:54:57,"@JNECare halo admin, paket saya dengan nomer resi JT55966724938 stuck di tangerang dari tanggal 1 gak gerak, boleh tolong followup cabang tsb?",142,"JNECare"
"223",2022-12-03 01:50:58,"Hal @JNECare , ini paket saya dah lebih dari 4 harian statusnya processing at sorting center. Penuh banget yah?",111,NA
"224",2022-12-03 01:48:38,"@JNECare gak merespon sama sekali, apa memang lagi numpuk masalah? Paket saya gak jelas ini, sengaja paki YES karena mau digunakan hari ini, eh malah gak bisa dilacak keberadaan. Harusnya kemaren udah sampe. Gimana ini @JNE_ID",226,"JNECare"
"225",2022-12-03 01:48:17,"@JNECare permisi min mau tanya paket saya kok masih stuck di Malang ya, padahal pengiriman sudah dilakukan dari hari Rabu dan seharusnya hari ini sudah tiba di Ponorogo sesuai estimasi. Mohon arahannya min. https://t.co/cm6CDk7fz7",206,"JNECare"
"226",2022-12-03 01:47:54,"@JNECare hallo jne ini paket saya dari tgl 29 sudah di proses jne ko blm sampe ya padahal dari jakarta ke bekasi doang mana ongkirnya mahal lg",142,"JNECare"
"227",2022-12-03 01:25:43,"@JNECare min cek DM ya",22,"JNECare"
"228",2022-12-03 00:30:45,"@JNE_ID @JNECare Ini gudang sama alamat saya jarakny ga sampe 2km, sehari kmrn 2x bolak balik kesana mau pick up sendiri aja mrk ga tau paket aku ada dimana. Entah kayak apa kacawnya sistem sortirnya. https://t.co/cgl0bC9ACR",200,"JNE_ID"
"229",2022-12-03 00:30:18,"@JNECare cek dm dong, paket gw kok gak jalan2",45,"JNECare"
"230",2022-12-03 00:25:01,"@JNECare kenapa ini tracking not found, masih belum update juga.",64,"JNECare"
"231",2022-12-03 00:08:53,"@JNECare Mohon info untuk nomor resi ini sudah sampai mana JT37243661824 JT62890362503 JT47076686083 JT93955124805 karena saya butuh harus terima barangnya hari ini palong tidak malam ini, karena besok pagi akan di gunakan barangnya, mohon bantuannya bisa di prioritaskan kirim y",279,"JNECare"
"232",2022-12-02 23:57:49,"@JNECare tolong DM saya di respon ya, anda lama bgt pengirimannya",65,"JNECare"
"233",2022-12-02 23:13:40,"@JNECare JY71934928811 cek resi",31,"JNECare"
"234",2022-12-02 23:10:46,"@JNECare TLJR3DFC3URCE5HX min paket tak bergerak tolong infonya ya.terima kasih",79,"JNECare"
"235",2022-12-02 23:04:46,"@JNECare paket saya ko udah 2 hari ga bergerak",46,"JNECare"
"236",2022-12-02 22:33:23,"@JNECare CM60959897996 paket ini ko pergerakan nya agak lamabat min ga seperti biasa nya di cek sudah 2 hari masih aja di tangerang barang nya ?",144,"JNECare"
"237",2022-12-02 22:29:05,"@JNECare Ini pun sejak tanggal 1 tidak bergerak di bandung,, kenapa ya.. https://t.co/VZuHSJxktm",72,"JNECare"
"238",2022-12-02 22:27:39,"@JNECare status paketnya gimna ya,, kan ini JNE service YES tapi di update kiriman masih tertahan di bandung https://t.co/6GMyu1iJUI",108,"JNECare"
"239",2022-12-02 21:51:19,"@JNE_ID Di call 3x infonya sudah jalan ke kota tujuan. Ternyata masih di Jakarta. Dibohongi terus customernya. Komplen selalu dijawab akan diteruskan akan dimaksimalkan tapi bohong juga.Tidak diteruskan tidak di follow up, hanya dijawab seadanya. Ekspedisi amatir. #StopPakaiJNE @JNECare",287,"JNE_ID"
"240",2022-12-02 21:50:48,"@JNE_ID Di call 3x infonya sudah jalan ke kota tujuan. Ternyata masih di Jakarta. Dibohongi terus customernya. Komplen selalu dijawab akan diteruskan akan dimaksimalkan tapi bohong juga.Tidak diteruskan tidak di follow up, hanya dijawab seadanya. Ekspedisi amatir. #StopPakaiJNE @JNECare",287,"JNE_ID"
"241",2022-12-02 21:50:38,"@JNE_ID Di call 3x infonya sudah jalan ke kota tujuan. Ternyata masih di Jakarta. Dibohongi terus customernya. Komplen selalu dijawab akan diteruskan akan dimaksimalkan tapi bohong juga.Tidak diteruskan tidak di follow up, hanya dijawab seadanya. Ekspedisi amatir. #StopPakaiJNE @JNECare",287,"JNE_ID"
"242",2022-12-02 21:50:29,"@JNE_ID Di call 3x infonya sudah jalan ke kota tujuan. Ternyata masih di Jakarta. Dibohongi terus customernya. Komplen selalu dijawab akan diteruskan akan dimaksimalkan tapi bohong juga.Tidak diteruskan tidak di follow up, hanya dijawab seadanya. Ekspedisi amatir. #StopPakaiJNE @JNECare",287,"JNE_ID"
"243",2022-12-02 21:50:21,"@JNE_ID @snail_image @JNECare Di call 3x infonya sudah jalan ke kota tujuan. Ternyata masih di Jakarta. Dibohongi terus customernya. Komplen selalu dijawab akan diteruskan akan dimaksimalkan tapi bohong juga.Tidak diteruskan tidak di follow up, hanya dijawab seadanya. Ekspedisi amatir. #StopPakaiJNE @JNECare",309,"JNE_ID"
"244",2022-12-02 21:50:06,"@JNE_ID @thenmustbayuaja @JNECare Di call 3x infonya sudah jalan ke kota tujuan. Ternyata masih di Jakarta. Dibohongi terus customernya. Komplen selalu dijawab akan diteruskan akan dimaksimalkan tapi bohong juga.Tidak diteruskan tidak di follow up, hanya dijawab seadanya. Ekspedisi amatir. #StopPakaiJNE @JNECare",313,"JNE_ID"
"245",2022-12-02 21:49:50,"@JNE_ID Di call 3x infonya sudah jalan ke kota tujuan. Ternyata masih di Jakarta. Dibohongi terus customernya. Komplen selalu dijawab akan diteruskan akan dimaksimalkan tapi bohong juga.Tidak diteruskan tidak di follow up, hanya dijawab seadanya. Ekspedisi amatir. #StopPakaiJNE @JNECare",287,"JNE_ID"
"246",2022-12-02 21:49:11,"@JNE_ID Di call 3x infonya sudah jalan ke kota tujuan. Ternyata masih di Jakarta. Dibohongi terus customernya. Komplen selalu dijawab akan diteruskan akan dimaksimalkan tapi bohong juga.Tidak diteruskan tidak di follow up, hanya dijawab seadanya. Ekspedisi amatir. #StopPakaiJNE @JNECare",287,"JNE_ID"
"247",2022-12-02 21:49:02,"@JNE_JLC Di call 3x infonya sudah jalan ke kota tujuan. Ternyata masih di Jakarta. Dibohongi terus customernya. Komplen selalu dijawab akan diteruskan akan dimaksimalkan tapi bohong juga.Tidak diteruskan tidak di follow up, hanya dijawab seadanya. Ekspedisi amatir. #StopPakaiJNE @JNECare",288,"JNE_JLC"
"248",2022-12-02 21:48:38,"@JNE_ID Di call 3x infonya sudah jalan ke kota tujuan. Ternyata masih di Jakarta. Dibohongi terus customernya. Komplen selalu dijawab akan diteruskan akan dimaksimalkan tapi bohong juga.Tidak diteruskan tidak di follow up, hanya dijawab seadanya. Ekspedisi amatir. #StopPakaiJNE @JNECare",287,"JNE_ID"
"249",2022-12-02 21:48:31,"@JNE_ID Di call 3x infonya sudah jalan ke kota tujuan. Ternyata masih di Jakarta. Dibohongi terus customernya. Komplen selalu dijawab akan diteruskan akan dimaksimalkan tapi bohong juga.Tidak diteruskan tidak di follow up, hanya dijawab seadanya. Ekspedisi amatir. #StopPakaiJNE @JNECare",287,"JNE_ID"
"250",2022-12-02 21:48:07,"@JNE_ID Di call 3x infonya sudah jalan ke kota tujuan. Ternyata masih di Jakarta. Dibohongi terus customernya. Komplen selalu dijawab akan diteruskan akan dimaksimalkan tapi bohong juga.Tidak diteruskan tidak di follow up, hanya dijawab seadanya. Ekspedisi amatir. #StopPakaiJNE @JNECare",287,"JNE_ID"
"251",2022-12-02 21:47:52,"@JNE_ID Di call 3x infonya sudah jalan ke kota tujuan. Ternyata masih di Jakarta. Dibohongi terus customernya. Komplen selalu dijawab akan diteruskan akan dimaksimalkan tapi bohong juga.Tidak diteruskan tidak di follow up, hanya dijawab seadanya. Ekspedisi amatir. #StopPakaiJNE @JNECare",287,"JNE_ID"
"252",2022-12-02 21:47:40,"@JNE_ID Di call 3x infonya sudah jalan ke kota tujuan. Ternyata masih di Jakarta. Dibohongi terus customernya. Komplen selalu dijawab akan diteruskan akan dimaksimalkan tapi bohong juga.Tidak diteruskan tidak di follow up, hanya dijawab seadanya. Ekspedisi amatir. #StopPakaiJNE @JNECare",287,"JNE_ID"
"253",2022-12-02 21:47:29,"@JNE_ID @bareskrim Di call 3x infonya sudah jalan ke kota tujuan. Ternyata masih di Jakarta. Dibohongi terus customernya. Komplen selalu dijawab akan diteruskan akan dimaksimalkan tapi bohong juga.Tidak diteruskan tidak di follow up, hanya dijawab seadanya. Ekspedisi amatir. #StopPakaiJNE @JNECare",298,"JNE_ID"
"254",2022-12-02 21:47:02,"@AditMadrid87 @JNECare Sama",27,"AditMadrid87"
"255",2022-12-02 21:46:59,"@maman1965 @asuprayogi1995 @alleySych @nurunur_ @indrisarpaniar @Val_Daryana @Jazuli_AM @harygelaktawa @MyDisability_ @Livvam @afnigreen @JNE_ID Di call 3x infonya sudah jalan ke kota tujuan. Ternyata masih di Jakarta. Dibohongi terus customernya. Komplen selalu dijawab akan diteruskan akan dimaksimalkan tapi bohong juga.Tidak diteruskan tidak di follow up, hanya dijawab seadanya. Ekspedisi amatir. #StopPakaiJNE @JNECare",424,"maman1965"
"256",2022-12-02 21:46:48,"@JNE_ID @indrisarpaniar Di call 3x infonya sudah jalan ke kota tujuan. Ternyata masih di Jakarta. Dibohongi terus customernya. Komplen selalu dijawab akan diteruskan akan dimaksimalkan tapi bohong juga.Tidak diteruskan tidak di follow up, hanya dijawab seadanya. Ekspedisi amatir. #StopPakaiJNE @JNECare",303,"JNE_ID"
"257",2022-12-02 21:46:27,"@tohirr21 @JNE_ID Di call 3x infonya sudah jalan ke kota tujuan. Ternyata masih di Jakarta. Dibohongi terus customernya. Komplen selalu dijawab akan diteruskan akan dimaksimalkan tapi bohong juga.Tidak diteruskan tidak di follow up, hanya dijawab seadanya. Ekspedisi amatir. #StopPakaiJNE @JNECare",297,"tohirr21"
"258",2022-12-02 21:46:12,"@JNE_ID Di call 3x infonya sudah jalan ke kota tujuan. Ternyata masih di Jakarta. Dibohongi terus customernya. Komplen selalu dijawab akan diteruskan akan dimaksimalkan tapi bohong juga.Tidak diteruskan tidak di follow up, hanya dijawab seadanya. Ekspedisi amatir. #StopPakaiJNE @JNECare",287,"JNE_ID"
"259",2022-12-02 20:52:12,"@JNECare TLJR3DFC3URCE5HX ka tolong infonya paket tak bergerak.. terima kasih",77,"JNECare"
"260",2022-12-02 18:56:54,"@JNECare halo jne lagi lagi jne trucking ketempat sy bermasalah kenapa ya! resi TLJC3D46NHRC5KTG",96,"JNECare"
"261",2022-12-02 18:23:43,"@JNECare  Paket resi JT98855062184 dr tgl 27 sudah nyampek di gudang blitar, tp sampek hari ini belum diantar ke alamat saya,, kenapa JNE sebegini parah nya ??? Kenapa paket tidak segera diantar ke customer!!",208,"JNECare"
"262",2022-12-02 17:25:53,"lemot, mahal semoga segera bangkrut @JNECare",44,NA
"263",2022-12-02 17:08:06,"@JNECare TOLONG DONG UDAH BAYAR ONGKIR MAHAL BIAR SAMPE SEHARI TAU NYA BERGERAK AJA ENGGA PAKETNYA MALAH NYANGKUT",113,"JNECare"
"264",2022-12-02 17:07:01,"@JNECare gimana ya JNE paket saya belom dateng padahal YES harusnya hari ini dateng, cek resi nyangkut di tanggerang gak ada perubahan.",135,"JNECare"
"265",2022-12-02 17:05:41,"@JNECare oi jne DM gua bales paket gua hilang ni",48,"JNECare"
"266",2022-12-02 17:03:19,"Hallo @JNECare  .. Cek DM kakak.. Ada trobel di paket saya.. Tolong cek yaa",75,NA
"267",2022-12-02 16:53:46,"@JNECare cek dm min",19,"JNECare"
"268",2022-12-02 16:33:19,"@indranovember @JNECare gimana kak inj kelanjutannya",52,"indranovember"
"269",2022-12-02 15:32:52,"@JNECare gimana nasib paket saya kak
JT05609849475",50,"JNECare"
"270",2022-12-02 15:14:04,"@JNECare min cek dm dong",24,"JNECare"
"271",2022-12-02 14:39:34,"@AditMadrid87 @JNECare Saya juga ga bisa😭",41,"AditMadrid87"
"272",2022-12-02 14:29:25,"Hallo??? gak ada respon?? 
@JNECare",35,"toto_pwr"
"273",2022-12-02 14:15:55,"BANG PAKETNYA MAU DIBAWA KE KOTA MANA LAGI, KAN UDAH BENER KE MAKASSAR?😭😭 @JNECare (pic 2 paket yg 1 udah sampe duluan) https://t.co/HFHmzOFyKd",119,NA
"274",2022-12-02 13:59:38,"@JNECare halo min, kenapa paket saya belum sampe ya sampai skrg? Padahal udah dikirim dari tanggal 26 nov kemarin.",114,"JNECare"
"275",2022-12-02 13:52:07,"@JNECare Halo boleh cek no resi 0109922200055262 apakah valid? Kok saya tracking di website JNE terinfo ""Not Found"" ya?? Thx",124,"JNECare"
"276",2022-12-02 13:51:41,"@JNECare admin cek dm",21,"JNECare"
"277",2022-12-02 12:46:25,"@JNECare bantu PU ya min sudah 3x 24jam ga ter PU barang saya",61,"JNECare"
"278",2022-12-02 12:46:11,"@JNECare bantu cek dm ya min",28,"JNECare"
"279",2022-12-02 12:46:00,"tolong bantu PU ya min sudah 3x24jam tidak ter PU bantu cek dm ya @jnecare",74,NA
"280",2022-12-02 12:41:49,"@JNECare Resi saya denga nomor resi JT30059341300 (JNE TRUCKING JTR) Sejak tanggal 30  November 2022 tidak jalan. Mohon segera diproses 😭😭",138,"JNECare"
"281",2022-12-02 12:29:09,"@JNECare parah banget ini dari 27 november sampe 2 desember masih muter muter aja delivery courier terus bilang aja sih kalo paketnya ilang alesan terus mana bilang alamat tidak lengkap udah jelas berpuluh puluh kali mesen pake jne ga pernah ada masalah. Tolong di tindak lanjuti! https://t.co/jhTmYkuyn1",280,"JNECare"
"282",2022-12-02 12:24:48,"30-2 desember dan tiba2 berubah 4-7 desember? @TokopediaCare @JNECare  cacat banget!!! https://t.co/vk8zP5C1zC",86,NA
"283",2022-12-02 12:21:15,"@JNECare min, paket kartu perdana ibu saya belum diterima tapi status sudah received yg bersangkutan..
Itu bagaimana min?",121,"JNECare"
"284",2022-12-02 12:09:52,"Admin @JNECare @JNE_ID tolong dong bantu tracking paket saya sudah 1 minggu ngga sampai sampai, di dm pun ngga dibalas",118,NA
"285",2022-12-02 12:06:36,"@JNE_ID @JNECare Kak tolong cek atau kalo ada bukti foto delivery nya dong di cek udah sampe tapi gaada dirumah gimana nih? No resi 6319922200001616",148,"JNE_ID"
"286",2022-12-02 11:59:21,"@JNECare cek DM min",19,"JNECare"
"287",2022-12-02 11:46:31,"wah kurirnya afk @JNECare",25,NA
"288",2022-12-02 11:34:19,"@JNECare paketan lama banget udah mau 3 hari padahal sama2 taengerang, udah dimana yaa pketnya😐",95,"JNECare"
"289",2022-12-02 10:59:40,"Urusan sama @JNECare @JNE_ID sepertinya disuruh ngajuin claim cuma SOP saja, yg berujung penolakan. Permasalahnnya saya kirim buah pakai reguler, dan itu baru sampe 5 hari hasilnya hancur dan busuk. Lucunya stlah saya berkeluh kesah mereka nyaranin kirim pakai ini itu,",269,NA
"290",2022-12-02 10:45:35,"@JNECare hii kak mau tanya kenapa ya paket saya gk gerak gerak udah berapa hari ini ?",85,"JNECare"
"291",2022-12-02 10:44:01,"Hallo @JNECare  .. Cek DM kakak..",33,NA
"292",2022-12-02 10:25:39,"@JNECare @NonsubsidiX Dikira barang yang dikirim gak kepakai apa ya, jangan diulangi lagi kirim lewat sini. @BPKN_RI @YLKI_ID",125,"JNECare"
"293",2022-12-02 10:09:43,"@JNECare JT99885702179 ini paket saya udah sampai mana masa di web nya ga update dari tgl 30",92,"JNECare"
"294",2022-12-02 10:06:42,"Halo Kak @JNECare, saya mau tanya paket saya yg 2 minggu lebih belum nyampe, udah di DM tp belum di bales, hehe 😁",113,NA
"295",2022-12-02 09:50:08,"@indranovember @JNECare Kasusnya sama 🥲",39,"indranovember"
"296",2022-12-02 09:47:24,"@JNECare Mohon bantuannya min. Paket saya tanggal 25 November status resinya ""Sudah diterima"" sampai sekarang belum sampai. Cek DM 🙏🏼 Terima kasih",146,"JNECare"
"297",2022-12-02 09:36:36,"@JNECare  bisa cek dm?",22,"JNECare"
"298",2022-12-02 09:24:43,"@JNECare tolong cek DM ya kak",29,"JNECare"
"299",2022-12-02 09:15:41,"Hai min ,cek DM ya min @JNECare",31,NA
"300",2022-12-02 09:10:52,"@JNECare @JNE_ID 

Halo min, bantu cek DM dari saya dong.
Kenapa ini paket masih belum ada pergerakan, padahal sudah H - 1 dari estimasi paket bisa saya terima.",160,"JNECare"
"301",2022-12-02 08:55:37,"@fajarrusalem @JNECare Hadeuh gmn sih",37,"fajarrusalem"
"302",2022-12-02 08:50:04,"@JNECare min pls cek DM",23,"JNECare"
"303",2022-12-02 08:21:11,"@JNECare halo, barang saya ga gerak2 ini. https://t.co/DpMdmg9M3V",41,"dnwdysmk"
"304",2022-12-02 08:18:34,"@JNECare @JNE_ID  cek dm plisss barangku ngga sampe sampe :(",60,"JNECare"
"305",2022-12-02 08:13:10,"@JNECare @NonsubsidiX Min tolong cek DM",39,"JNECare"
"306",2022-12-02 08:00:58,"@AdamantinusJ @JNECare @NonsubsidiX Nyesel pake YES ternyata, jauh dari kata cepat, malah stak udah 3 hari",106,"AdamantinusJ"
"307",2022-12-02 07:56:09,"Hallo hallo @JNECare ini paket saya kejebak banjir atau hilang? Atau udah stay jadi anak bekasi nih paket saya. Sudah seminggu ko kagak nongol sih? Ga ada pergerakan sama sekali 😭😭 https://t.co/20op0Eg8cO",180,NA
"308",2022-12-02 07:55:55,"@JNECare HALO MIN, SAYA MAU CEK PAKET SAYA, KENAPA SAMPAI SEKARANG BELUM JUGA SAMPAI, SUDAH 3 HARI INI, PADAHAL PAKE JNE YES! TOLONG DI JAWAB!!!",144,"JNECare"
"309",2022-12-02 07:53:24,"Hallo admin @JNECare saya minta tolong paket saya sudah seminggu ga ada pergerakan sama sekali di Bekasi. Tolong dibantu. Saya sudah email, dm, dan bikin igs. Tetep aja ga ada respon",182,NA
"310",2022-12-02 07:48:24,"Gak usah minta DM, nih cek sendiri di Nomor laporan 450103037301

@JNE_ID @JNECare https://t.co/yrXSErWBvC",82,"bob_tampubolon"
"311",2022-12-02 07:48:15,"@VirtualRief @JNE_ID @JNECare Hai kak, terkait pertanyaan seputar pengiriman, kakak dapat konfirmasi ke facebook JNE ya kak. Thanks ^Lala",137,"VirtualRief"
"312",2022-12-02 07:46:42,"Paling malas berurusan dgn @JNE_ID ini, paket sudah Telat dari estimasi pengiriman, sejak pagi tadi katanya sudah dibawa kurir dan sampai skrg gak nyampe

Hei @JNECare pihak operasional JNE Danau Poso Denpasar atas nama Luda, dengan santainya bilang kurir nya gak bisa di hub.
WTF",280,NA
"313",2022-12-02 07:38:38,"@Aprirudiy @eigeradventure @JNE_ID @JNECare Masih dalam pengecekan tim terkait slur🤣🤣",85,"Aprirudiy"
"314",2022-12-02 07:30:47,"@VirtualRief @JNE_ID Hai kak, maaf atas ketidaknyamanannya ya kak, kami informasikan bahwa saat ini sedang dilakukan optimalisasi pada Twitter @JNEcare kak. Terkait pertanyaan seputar pengiriman, kakak dapat konfirmasi ke facebook JNE ya kak. Thanks ^Lala",255,"VirtualRief"
"315",2022-12-02 06:54:16,"paket nya 1 kurir nya banyak tapi kenapa ga nyampe” ? @JNECare https://t.co/pMk0gj41dN",62,NA
"316",2022-12-02 06:49:07,"Hallo @eigeradventure pesanan saya sampe mana nih? Udah completed barang belum diterima. Di WA, IG, email enggak respon. Resi yg diberikan enggak bisa di cek di @JNE_ID @JNECare https://t.co/oobHshrY0M",177,NA
"317",2022-12-02 06:36:25,"@JNECare cek dm nape boss!",26,"JNECare"
"318",2022-12-02 06:34:59,"bro @JNECare ini serius ga ada tanggapan?",41,"fajarrusalem"
"319",2022-12-02 06:22:47,"@JNECare tolong baca DM ya",26,"JNECare"
"320",2022-12-02 06:22:03,"TLJR3DEP3TRCH02D
Cek paket itu nomor resinya @JNE_ID @JNECare",61,NA
"321",2022-12-02 06:21:47,"Kalau minta bantuan tracking sekarang dimana yah?
@JNE_ID 
@JNECare",67,NA
"322",2022-12-02 06:20:58,"@tokopedia 
@TokopediaCare 

RESI jaman BATU minta diupload?? 

Itu gimana seh..?? 
Resi @JNECare sekarang begini
Itu gw upload gak mau TOPEDnya.. 🤣

Kalian 2-2 nya emang
Paling2

@JNE_ID 
@tokopedia 
@TokopediaCare 
@JNECare https://t.co/hwheRpn57T",225,"tokopedia"
"323",2022-12-02 06:09:37,"@JNECare tolong balas dm saya",29,"JNECare"
"324",2022-12-02 05:37:53,"@JNECare halo, barang saya ga gerak2 ini. https://t.co/LieWvJ7TS0",41,"JNECare"
"325",2022-12-02 05:31:21,"@jakartanotebook @jakartanotebook paket saya sampai saat ini belum sampai beli dari hari sabtu. Dan kurir @JNE_ID @JNECare tidak ada yang tahu posisi nya dimana. Tolong jadikan evaluasi JNE, karena pasti banyak banget cuman ga lapor. https://t.co/Uq5Y0lB9iF",233,"jakartanotebook"
"326",2022-12-02 05:31:01,"@jakartanotebook @jakartanotebook paket saya sampai saat ini belum sampai beli dari hari sabtu. Dan kurir @JNE_ID @JNECare tidak ada yang tahu posisi nya dimana. Tolong jadikan evaluasi JNE, karena pasti banyak banget cuman ga lapor. https://t.co/8OZSPnnX6D",233,"jakartanotebook"
"327",2022-12-02 05:30:30,"@jakartanotebook paket saya sampai saat ini belum sampai beli dari hari sabtu. Dan kurir @JNE_ID @JNECare tidak ada yang tahu posisi nya dimana. Tolong jadikan evaluasi JNE, karena pasti banyak banget cuman ga lapor. https://t.co/ZjLz1aMS9U",216,"jakartanotebook"
"328",2022-12-02 05:06:46,"@JNECare halo boleh cek untuk resi TLJR3D001XRCWKE8 udh dr kemaren mandek",73,"JNECare"
"329",2022-12-02 05:04:56,"Bossss 
 @JNE_ID gimana sih ini paket belum nyampe juga udah mau seminggu , ongkir aja dimahalin 🤬😬

0171172200001378

#jne #jnecare # https://t.co/PD4seDjHWt",134,NA
"330",2022-12-02 04:55:18,"@JNECare  kak min.. kenapa paket daya yg SIA 001129227140 NOT FOUND? https://t.co/afCKGzOIA6",68,"JNECare"
"331",2022-12-02 04:43:07,"@JNECare ini kenapa habis sampe di malang, kok malah balik lagi SBY?? https://t.co/IYUzdUKKzK",69,"JNECare"
"332",2022-12-02 04:38:37,"Dear, @JNECare barang saya udah seminggu lebih belom dateng. Pesen tgl 26 November dr Bekasi.",93,NA
"333",2022-12-02 04:38:00,"@JNECare halo, tolong cek dm saya",33,"JNECare"
"334",2022-12-02 04:29:23,"@JNECare cek DM kak",19,"JNECare"
"335",2022-12-02 04:24:43,"@JNECare brodiii mau tanya dong, ini report dah terkirim barangnya di tgl 30 Nov, tp hari ini orang yg seharusnya nerima komplain ke saya karena belum terima, tolong lah saya rugi banget ni sbg seller https://t.co/ttuk8QvRSQ",200,"JNECare"
"336",2022-12-02 04:22:02,"@JNECare halo min, mau tanya keberadaan paket dgn resi JY17352170588. Ini pakai layanan JNE YES. Tapi kok udh lebih dari 1x24jam blm sampe2 ya?",143,"JNECare"
"337",2022-12-02 04:11:37,"@JNECare selamat siang min, mohon cek dm. Terima kasih",54,"JNECare"
"338",2022-12-02 04:10:05,"@JNECare Tolong cek DM, Mintje. Terima kasih.",45,"JNECare"
"339",2022-12-02 04:03:13,"@JNECare Paket sudah sampai di kota tujuan, tapi kenapa tidak ada kabar sama sekali? https://t.co/6Uk2lqmlqp",84,"JNECare"
"340",2022-12-02 04:00:39,"@JNECare kak. Cek resi lagi error kah?",38,"JNECare"
"341",2022-12-02 03:49:36,"@JNECare @NonsubsidiX Tolong cek dm sama min 🙏🙏🥺",48,"JNECare"
"342",2022-12-02 03:40:49,"@JNECare paket dikirim dari tanggal 28 uda 5 hari tapi paket belum sampai, tlp ke CS JNE dari 2 hari yg lalu jawabannya di investigasi, investigasi apa? Kasi jawaban ke customer gk ada kejelasan sm sekali.. DM jg gak dijwb",222,"JNECare"
"343",2022-12-02 03:40:35,"@JNECare HALLO JNE
JT78921406658
JT09087351937
JT31663730875 paket ini ga sampe2 melebihi estimasi",98,"JNECare"
"344",2022-12-02 03:40:04,"@JNECare please cek DM yah🙏🏼",28,"JNECare"
"345",2022-12-02 03:38:08,"@christyawan @YLKI_ID @JNECare Halo selamat pagi ka, mohon maaf atas ketidak nyamanannya twitter @JNECare masih dalam optimalisasi. Terkait hal tersebut kakak dapat dibantu dengan menghubungi Call Center : 021-2927-8888 atau email: customercare@jne.co.id . Terima kasih.",270,"christyawan"
"346",2022-12-02 03:11:35,"@JNECare paket ga gerak2 nih https://t.co/Le8FogEqyf",28,"dnwdysmk"
"347",2022-12-02 03:08:57,"@JNECare min cek dm perihal jne truck",37,"JNECare"
"348",2022-12-02 02:59:58,"Halo @JNECare paket saya dengan resi 543730071497322 dari tgl 25 ga gerak
Saya DM juga ga ada respon. Gimana ya ini? https://t.co/XNrrTAM8ry",116,NA
"349",2022-12-02 02:56:20,"TLJE35X1FURC2P63
Ini kok gak bisa tracking? 
@JNECare",53,NA
"350",2022-12-02 02:56:06,"@JNECare mau ngerugiin brp orang lagi wei?? Paket urgent gk nyampe2..",69,"JNECare"
"351",2022-12-02 02:41:42,"@JNECare tolong cek dm min",26,"JNECare"
"352",2022-12-02 02:15:10,"@JNECare paket ga gerak2 nih https://t.co/RsyGWa3Juk",28,"dnwdysmk"
"353",2022-12-02 02:11:10,"@JNECare min, cek DM. Masa' kiriman dari Bogor-Jaksel bisa lbh cepat dari yg Jakbar-Jaksel?",91,"JNECare"
"354",2022-12-02 02:10:11,"@JNECare pagi, saya mengajukan pengaduan kemarin sore terkait paket yang salah kirim dengan no pengaduan 190103077568. Saya ingin tahu paket tersebut dikirim kemana, katanya akan dihubungi melalui twitter tapi belum ada info apa2. Mohon penanganannya, terimakasih.",264,"JNECare"
"355",2022-12-02 02:08:22,"@JNECare INV/20221201/MPL/2863214055 res TLJE3DCVNXRCKDEV ""Yes masih berkutat di Tangsel Tujuan Bekasi""// INV/20221130/MPL/2859920198 res TLJR3DKR3PRC5KLC jam 22 pengantaran gagal, tolong Gunakan jadwal pengantaran yang wajar. @tokopedia @TokopediaCare @JNECare tolong segera FU",278,"JNECare"
"356",2022-12-02 02:01:16,"Day-14
@JNECare @JNE_ID berkas Sudah d krm ke email dn wa utk pegantian barang hilang no resi 012500105614122, SEGERA DI PERCEPAT YA PROSES NYA, INI MUTLAK KESALAHAN DARI KALIAN, 100% GANTI SETARA NILAI BARANG SAYA, saya terus mention setiap hari sampai diganti rugi dan diproses!",280,NA
"357",2022-12-02 01:43:14,"Min @JNECare kok ini paket bisa tiba-tiba problem kenapa ya??Padahal isi cuma tempelan doank tapi kaya ribet banget dari kemarin. Dibantu donk Min https://t.co/UKJ65ciBF9",146,NA
"358",2022-12-02 01:42:22,"Mohon informasi @YLKI_ID, bagaimana cara melakukan pengaduan konsumen yang merasa dirugikan oleh jasa pengiriman @JNE_ID , @JNECare? https://t.co/3XsuCfDjUn",132,NA
"359",2022-12-02 01:36:31,"@fdjlstr @JNECare wah sama kita senasib. #JNEbusuk",50,"fdjlstr"
"360",2022-12-02 01:36:10,"kak cek dm dong @jnecare",24,NA
"361",2022-12-02 01:25:41,"@JNECare paket ga gerak2 nih https://t.co/5oCn4cwVHI",28,"dnwdysmk"
"362",2022-12-02 01:14:39,"@JNECare paket ga gerak2 nih https://t.co/en2g6fXlz2",28,"JNECare"
"363",2022-12-02 01:11:17,"@JNECare kak paketannya kok lama ya? 010440062039822",52,"JNECare"
"364",2022-12-02 00:39:55,"@joymuliawan @JNECare Kakkk udh sampe blm paketnya? Aku jg stuck ni",67,"joymuliawan"
"365",2022-12-02 00:28:45,"@JNECare paket saya dengan resi 082910020790522 tidak dapat dilacak",67,"JNECare"
"366",2022-12-02 00:00:12,"@JNECare mohon di cek min, JT51213010188 udah 3 hari stuck ga ada perubahan??",77,"JNECare"
"367",2022-12-01 23:53:49,"@JNECare cek dm min",19,"JNECare"
"368",2022-12-01 23:22:45,"Min @JNECare tolong cek dm ya",29,NA
"369",2022-12-01 23:22:43,"@JNECare min tolong balas dm saya min",37,"JNECare"
"370",2022-12-01 23:19:35,"@JNECare ngentot apanya 24 jam ga ada yg on dari 17 nov",55,"JNECare"
"371",2022-12-01 22:55:00,"@JNE_ID @JNECare Paket stuck di jne cilincing sejak hari sabtu. Email juga ga dibalas 😩",87,"JNE_ID"
"372",2022-12-01 22:48:45,"@JNECare no resi 022700054219722 udh 5 hari blm ada pergerakan",62,"JNECare"
"373",2022-12-01 22:14:28,"@JNECare min, tolong cek dm terkait paket yg stuck di jne cilincing sejak hari sabtu 😥
Trims",92,"JNECare"
"374",2022-12-01 20:41:30,"@JNECare @NonsubsidiX Paket saya sudah seminggu posisi masih di kota pengirim ,lama banget jne . Payah bikin emosi aja,pengaduan tak pernah di respon.",150,"JNECare"
"375",2022-12-01 17:50:03,"@JNECare ...Pak mohon bantuannya..saya ada dua paket...tapi dua2xnya nomor resinya tidak bisa dilacak...",104,"JNECare"
"376",2022-12-01 17:03:30,"Emg pelayanan paling buruk ya @JNECare paket TV bisa bisanya ilang ! Mau komplen juga dipersulit nyesel bgt pake ni ekspedisi ! Gak tanggung jawab !!!",150,NA
"377",2022-12-01 16:53:49,"@JNECare TLJR3D3VR9RC5Y4U ini kok lambat banget ya pergerakannya, ayo dong!!",76,"JNECare"
"378",2022-12-01 16:44:35,"@JNECare PAKET GUE NYASAR KEMANA WOIIII!!!!!!!!! *a very angry costumer https://t.co/UkxT5044li",71,"JNECare"
"379",2022-12-01 16:25:03,"@JNECare @JNE_ID 
Akun”mu , emailmu sak web mu gak onok seng kanggo.",68,"JNECare"
"380",2022-12-01 16:00:06,"@JNECare paket kode booking BLJC223400912739 sudah saya kirim ke agen JNE sejak sore, tapi sampai sekarang tidak ada update apapun dan batas waktu penjualan terus berjalan!",172,"JNECare"
"381",2022-12-01 15:58:53,"@JNECare min mohon cek DM.",26,"JNECare"
"382",2022-12-01 15:39:37,"@JNECare minnn kenapa resiku gabisa dicek sihhh 120030045969022",63,"JNECare"
"383",2022-12-01 15:00:16,"@JNE_ID @JNECare Min barang gw blon nyampe piye iki ente kan udah tua masih aja blepotan",88,"JNE_ID"
"384",2022-12-01 14:56:33,"dm saya bisa direspon? @JNECare",31,NA
"385",2022-12-01 14:28:13,"@JNECare @JNE_ID kenapa tidak bisa ditraking resinya? https://t.co/P6CZ5CPqEL",53,"JNECare"
"386",2022-12-01 14:27:23,"Halo min, mau tanya. Dari kemaren paket saya gagal dikirimkan terus gara2 salah nomor hp, jadi saya gabisa dihubungi. Solusinya gimana ya? @JNE_ID @JNECare",155,NA
"387",2022-12-01 14:13:37,"pelaporan MP Shopee @ShopeeID @ShopeeCare 1597096346786644042
pelaporan kurir Jne @JNE_ID @JNECare 360103020408 mohon konfirmasinya barang sy diretur kah? Sudah bisa jalan balik kah?
Jangan kalian gantungkan perasaan ku dari tgl 24 Nov huhuhu...

Shopee 11.11 https://t.co/3SG6lLgGkF",259,"ynov1nt"
"388",2022-12-01 14:01:55,"@adinta_ @djellyboy Iya din, udah curiga pas d buka kaya ada bercak tp d dalam layarnya. Mana @JNECare di DM ga ada response",124,"adinta_"
"389",2022-12-01 14:00:54,"@DeonNoor @JNECare @JNE_ID klik komplain, jika kk beli produk via market place ka",81,"DeonNoor"
"390",2022-12-01 13:59:08,"@JNECare cek DM dong, paket ga bergerak nih",43,"JNECare"
"391",2022-12-01 13:54:28,"@JNECare mohon info cek resi min ngestuck banget ini. https://t.co/P7vNL18AGV",53,"JNECare"
"392",2022-12-01 13:53:30,"@JNECare halo kak, tolong dm saya di baca ya kak",48,"JNECare"
"393",2022-12-01 13:51:46,"@JNECare min tolong baca dm saya",32,"JNECare"
"394",2022-12-01 13:50:54,"@JNECare JT18921583397 tolong dicek dong,udah hampir 2 hari ga gerak2",69,"JNECare"
"395",2022-12-01 13:44:23,"@JNECare Halo min, aku DM. Tolong dibalas ya",44,"JNECare"
"396",2022-12-01 13:34:10,"@JNECare saya udah DM udah komplain kudu ngapain lagi ya? Stuck loh itu barang di gudang. Mau dianter apa paketnya suruh jalan sendiri? Alasannya apa itu barang stuck digudang udah 3 hari. Kalo barangnya gak penting mah selow lah ini ditunggu bgt @JNE_ID",254,"JNECare"
"397",2022-12-01 13:31:25,"@JNECare Hallo bisa dong direspon dan dipercepat barang saya yg stuck digudang dari tgl 29. Bandung bekasi gak jauh kan masa sampai harus stuck barang saya digudang sampai 3 hari??? Nunggu jalan sendiri barangnya atau gmn nih? @JNE_ID",234,"JNECare"
"398",2022-12-01 13:28:59,"@JNECare tlg cek DM.",20,"JNECare"
"399",2022-12-01 13:18:32,"@JNECare halo jne, saya mau tau status untuk kiriman paket yes dengan no resi 010400019055522",93,"JNECare"
"400",2022-12-01 13:13:19,"@muhammad_arfnh @JNECare Saya DM malah ngga d balas",51,"muhammad_arfnh"
"401",2022-12-01 13:06:31,"@JNECare balas dm ku dong",25,"JNECare"
"402",2022-12-01 13:05:32,"Barang mau segera dipake @JNECare",33,"punyaniel"
"403",2022-12-01 13:04:57,"Gimana min @JNECare ?",21,"punyaniel"
"404",2022-12-01 12:55:52,"hallo @JNECare mohon bantuan pelacakan paket saya dong
no resi 0210752200173765

udah hampir seminggu tak ada kabar https://t.co/0bz93WVrAo",115,NA
"405",2022-12-01 12:40:26,"@JNECare hallo kak baca paket akuu ga sampe2 niiih. Udh ngDM ga dibalesss jugaaa🙏🏻",82,"JNECare"
"406",2022-12-01 12:38:56,"@JNECare bls dm ga?",19,"JNECare"
"407",2022-12-01 12:35:32,"@JNECare Paket dri siang smpai skrg blm tiba jg..  Gimna ini??",62,"JNECare"
"408",2022-12-01 12:35:01,"@JNECare paket saya dikirim seller sudah dari tanggal 29, saya pantau di fitur pelacakan sudah 2 hari kok gak gerak-gerak?",122,"JNECare"
"409",2022-12-01 12:30:24,"@movelikeyeager @JNECare Sudah setelah masuk Twitter",52,"movelikeyeager"
"410",2022-12-01 12:22:34,"Responnya dong @JNECare",23,"aguilina_42"
"411",2022-12-01 12:16:21,"@JNECare bantu cek dm",21,"JNECare"
"412",2022-12-01 12:07:28,"@JNECare halo jne, ini ETA nya pengiriman sesama jabodetabek tuh brp lama ya?",77,"JNECare"
"413",2022-12-01 12:05:56,"@JNECare saya DM berkali kali tidak pernah dibalas, paket saya CM78888348429 sudah 8 hari belum sampai sampai😭",110,"JNECare"
"414",2022-12-01 12:05:50,"@JNECare paket saya udah dimana ya masa dr kmrn dinihari jalan dr tangerang sampai skrg ga tau nya nyangkut dmn itu barang status nya ga berubah ubah",149,"JNECare"
"415",2022-12-01 12:04:29,"@JNECare paket saya CM78888348429 sudah 8 hari belum nyampe",59,"JNECare"
"416",2022-12-01 12:03:11,"@JNECare halo JNE mohon cek dan balas DM saya ya, terima kasih",62,"JNECare"
"417",2022-12-01 11:57:41,"@JNECare baca dm aku donk
Barang gk gerak gerak dari selasa padahal dah d kota yg sama",86,"JNECare"
"418",2022-12-01 11:54:58,"@andhikamppp @JNE_ID @JNEDEPOK_ID @JNE_Depok @JNECare Coba minta resi nya cha",77,"andhikamppp"
"419",2022-12-01 11:48:02,"Min @JNECare paket TV yang dikirimkan LCD nya pecah selama perjalanan, gimana pertanggungjawaban dari JNE. Video unboxing ada lengkap, mohon dibantu untuk komplennya.",166,NA
"420",2022-12-01 11:47:55,"@JNECare cek DM nya plis",24,"JNECare"
"421",2022-12-01 11:35:46,"@JNECare boleh cek DM-nya min?",30,"JNECare"
"422",2022-12-01 11:30:19,"@JNECare 300110022858422 kenapa tidak bisa di tracking???",57,"JNECare"
"423",2022-12-01 11:29:05,"@JNECare halo min, bisa bantu paket saya min?

Saya pake JNE Yes tapi paket masih di Jakarta ge gerak",101,"JNECare"
"424",2022-12-01 11:09:58,"@JNECare Mohon di respon atas pertanyaan saya di dm min. Paket saya sudah dari 1minggu lalu tapi yg dituju belum menerima",121,"JNECare"
"425",2022-12-01 11:01:40,"@JNECare Distatus pengiriman terakhir ""shipment being held by shipper request"" maksudnya apa yh kak? Saya khawatir paket dikembalikan.

Tolong diproses yh kak, jangan sampai dikembalikan.",187,"JNECare"
"426",2022-12-01 10:52:11,"@JNECare ka bls DM saya tolong",30,"JNECare"
"427",2022-12-01 10:50:40,"@JNECare tolong dong proses pengirimannya di percepat barang saya. Soalnya butuh banget🙏🏻 https://t.co/ud9rP5BTyN",89,"JNECare"
"428",2022-12-01 10:48:02,"Estimasi Pengiriman Sudah Melewati Tanggal Tapi Pengajuan Pengembalian Barang dan Dana Saya Ditolak Penjual dan Pihak Shopee - https://t.co/HMMAvbyCCV cc @JNECare @ShopeeCare",174,NA
"429",2022-12-01 10:46:24,"Pernah ngalamin enggak pengiriman paket, dengan tracing kaya gini kaya gini di @JNE_ID @JNEDEPOK_ID @JNE_Depok @JNECare

pagi-pagi udah nyampe gate kota tujuan, sore-sore malah balik ke kota pengirim. https://t.co/PWe1yZ80Zz",200,NA
"430",2022-12-01 10:44:44,"Ini baru luar biasa, JT99802111853, bekasi - jaktim, sudah kirim dr tgl 27 Nopember smp 1 Desember belum kelihatan hilal nya 🤣🤣🤣 .. 
Gmn @JNECare ?? 
#jne_ngaret https://t.co/VXdRBUqqk2",161,NA
"431",2022-12-01 10:44:37,"@JNECare admin mau cek resi kenapa tidak muncul terus,,,",56,"JNECare"
"432",2022-12-01 10:42:03,"@JNECare min, paket sayaaaaaaa. Itu dokumen penting wei, aturan uda sampe. Buat urusan kantor pls😭",98,"JNECare"
"433",2022-12-01 10:36:30,"@JNECare ini paket statusnya udah diterima tapi belum dateng",60,"JNECare"
"434",2022-12-01 10:35:17,"Mohon bantuannya @JNECare, Ini paketan YES Kok belum sampai, di tracking tertulis ""NOBODY AT HOME / OFFICE TO RECEIVE SHIPMENT"". Padahal ada dirumah terus.",155,NA
"435",2022-12-01 10:22:43,"Halo tolong update nya resi saya perhari ini sdh dimana CM25859240694 @JNECare",78,NA
"436",2022-12-01 10:21:33,"@JNECare @NonsubsidiX Halo JNE kenapa nipu lagi ke saya dengan ""nobody at home""?",80,"JNECare"
"437",2022-12-01 10:19:52,"apa mesti ada drama dulu kasus ini saya viral in di twitter? apa mesti ada drama saya nangis2 terus di up ke youtube/instagram/platform lainnya baru kalian tanganin kasus barang saya yg hilang? @JNECare",202,"usercangtipaw"
"438",2022-12-01 10:14:25,"ngurusin barang ilang di ekspedisi tu emang capek banget ya? 2minggu loh barang masi ga ketemu. 2 minggu juga loh ga ada update apa2. saya harus push kalian macam apa ini? pake laporan hukum kah? @JNECare",204,"usercangtipaw"
"439",2022-12-01 10:13:10,"@JNECare hai min, tolong cek DM saya",36,"JNECare"
"440",2022-12-01 10:11:21,"sorry. kecewa banget sm JNE cara menangani kasus. LELET BANGET. 
it's almost 2weeks im at home, and more than 7 weeks my utilities still not found. nunggu apa lagi? investigasi nya mau kaya gimana lagi?

nyepelein kasus nih? mau dibawa ke ranah hukum kah? @JNECare",264,"usercangtipaw"
"441",2022-12-01 10:09:19,"jne cs care punya admin berapa banyak sih? udah di spam berkali2 masih aja ga ada respon ttg laporan barang saya yg hilang @JNECare",131,NA
"442",2022-12-01 09:57:33,"@JNECare halo, saya ada DM pertanyaan atas kejelasan status pengiriman. Tolong dibantu ya. Thanks.",98,"JNECare"
"443",2022-12-01 09:53:20,"@JNE_ID @JNECare kalo tulisannya seperti ini kenapa ya? Paket belum sampai padahal sudah dikirim dari tanggal 23 november 2022 https://t.co/PzbzJ8XTDd",126,"JNE_ID"
"444",2022-12-01 09:47:21,"@JNECare cek dm min",19,"JNECare"
"445",2022-12-01 09:41:08,"Admin @JNECare minta tolong check DM ya. Tks 🙏🏼",47,NA
"446",2022-12-01 09:28:53,"@JNECare paket saya ini ilang kemana?
Dicari di gudang gak ada. Bolak balik ke CS jawabannya bot surub nunggu2 aja.. https://t.co/vsiXi8y5EO",116,"JNECare"
"447",2022-12-01 09:24:00,"@JNECare cek DM pls. Ini kenapa https://t.co/JiUG33RaTQ",31,"JNECare"
"448",2022-12-01 09:19:46,"@JNECare kak..cek DM!",21,"JNECare"
"449",2022-12-01 09:07:02,"@FAKESTRONAUT1 @JNECare Waduh kak emg jne problematik 95% komplainanku gara gara jne kak, hidup gatenang🙏🙏🙏🙏",108,"FAKESTRONAUT1"
"450",2022-12-01 09:01:57,"@JNECare 
Kecewa kecewa. Saya pilih yg next day belum nyampe dah 2 hari. Di hari yg sama, gw pesen barang lain jga dan milih yg reguler(bukan JNE). Malah udah nyampe duluan yg reguler. Dengan perbedaan ongkir 35x lipat lho, next day JNE = Reguler Kurir lain.",258,"JNECare"
"451",2022-12-01 08:48:27,"@JNE_ID @JNECare Di email jg sdh..di respon jg kaga..jd gmn enaknya neh?",72,"JNE_ID"
"452",2022-12-01 08:23:55,"@JNECare cek dm please",22,"JNECare"
"453",2022-12-01 08:11:03,"@JNE_ID @JNECare udah tahunan gak pake JNE kapok, eh pas kemarin belanja online gak tau kenapa pas udah bayar pengirimannya kok JNE, lsg waswas, tenyata terbukti, barang sudah 2hr sampai gudang gak dikirim, padahal kurir lain, malem sampe gudang, pagi status udah dibawa kurir, siang sore sampe.",295,"JNE_ID"
"454",2022-12-01 08:09:02,"@JNECare TLJR3DVTM9RC9WG4 kak no resi ini dari tgl 26 masih ga ada pergerakan. Masih stuck di drop off. Sekarang malah estimasinya yg berubah. Harusnya s/d 30 nov. Malah jd mundur s/d 3 desember estimasi sampainya. Nanti kalau udah 3 des blm sampai, estimasi mundur lg gitu?🤣",275,"JNECare"
"455",2022-12-01 08:07:04,"@JNECare min, cek DM",20,"JNECare"
"456",2022-12-01 07:47:25,"@JNECare tolong dibantu cek paket saya posisinya dimana sekarang min?
Keterangan terakhir alamat tidak lengkap padahal udah sering kurir jne ke rumah saya.",155,"JNECare"
"457",2022-12-01 07:47:18,"@JNECare Hallo min tolong di cek lagi dong nomor resi TLJC3DMH7RR8CGDR udah nyampe malang tapi kok gak dikirim kirim ke alamat tujuan",133,"JNECare"
"458",2022-12-01 07:46:23,"@JNECare Hallo min tolong di cek lagi dong nomor resi TLJC3DMH7RR8CGDR udah nyampe malang tapi kok gak dikirim kirim ke alamat tujuan",133,"JNECare"
"459",2022-12-01 07:44:46,"@JNECare cek dm lah, jangan hanya kerja makan gaji buta",55,"JNECare"
"460",2022-12-01 07:44:31,"Halo @JNECare ijin bertanya tadi pagi saya ada kirim paket namun tidak bisa dilacak di situs web,apakah bisa dibantu??",118,NA
"461",2022-12-01 07:16:59,"@JNECare ka cek dm nya makasih",30,"JNECare"
"462",2022-12-01 07:14:05,"@JNECare min gua udah DM! Buka DM! Paket gua udah nginep terlalu lama di gudang lu!",83,"JNECare"
"463",2022-12-01 07:13:31,"@JNECare tolong kak, paket dengan nomor resi TLJR3DY0CXRCTLJ1 gak jalan2, mohon bantuan difollow up @YLKI_ID @MediaKonsumenID",125,"JNECare"
"464",2022-12-01 07:07:54,"@JNE_ID @JNECare udah sosmed sama email sama2 lelet balesnya -_-",64,"uchysr"
"465",2022-12-01 07:07:08,"@JNECare waduh kacau. Paket stuck 2 hari. Gada update. Pdhl itu paket urgent. Kapok deh pake JNE gak akan pake JNE lg.",118,"JNECare"
"466",2022-12-01 07:05:31,"@JNE_ID kok @JNECare terakhir respon komplen 5 hari yg lalu ?? ini niat apa nggak bantu permasalahannya sih ?",109,"JNE_ID"
"467",2022-12-01 06:59:07,"meja gue lama bgt sampenya ah anjirlahhh tolong lahh jne. sama2 bekasi lhoo. dm pun ga dibalass payahh @JNECare",111,NA
"468",2022-12-01 06:36:15,"@JNECare gimana DM ga dibalas. Pesanan saya nyangkut. Malah pesanan baru datang duluan. Kan aneh.",97,"JNECare"
"469",2022-12-01 06:23:55,"@JNECare pelaporan 360103020408 kelanjutannya bagaimana ya ka?",62,"JNECare"
"470",2022-12-01 06:22:35,"@muhammad_arfnh @JNECare halo cek DM nya ka",43,"muhammad_arfnh"
"471",2022-12-01 06:22:17,"@JNECare @fdjlstr halo ka balas DM sy ya",40,"JNECare"
"472",2022-12-01 06:01:46,"@JNECare @indranovember Jne payaaahhh ,, kagak respon2 .. #boikotjne anjinngg",77,"JNECare"
"473",2022-12-01 05:49:39,"@JNE_ID @JNECare Paket blm diterima melewati batas estimasi🤦",60,"JNE_ID"
"474",2022-12-01 05:45:17,"@JNECare Cek dm please",22,"JNECare"
"475",2022-12-01 05:41:46,"@abdurrohman888 @JNECare Kacau sekarang wkwkwk",46,"abdurrohman888"
"476",2022-12-01 05:40:09,"@JNE_ID Email pun sama ga ada tanggapan blasss

Cuma pengen tahu, paket saya ada dimana, biar saya ambil sendiri kalo memang @JNECare  @JNE_ID sudah ga bisa menjalankan tugasnya",177,"JNE_ID"
"477",2022-12-01 05:33:53,"@JNECare kak tlg cek resi 010600060133322 pengiriman dari tgl 18nov. Status terakhir beinh held as shippers req tp tidak pernah ada request spt itu. Tlg proses pengantaran segera #jnecekresi",190,"JNECare"
"478",2022-12-01 05:24:35,"@JNECare tolong cek dm saya, makasih",36,"JNECare"
"479",2022-12-01 05:20:13,"@JNECare halo kok direspon ya, komplain di email gk ada tanggapan, disini gk ada tanggapan.",91,"JNECare"
"480",2022-12-01 05:13:53,"@JNECare halo min, saya pesan belanja online dengan ekspedisi JNE tapi saya liat di fitur lacak nya kok ga jalan jalan ya",121,"JNECare"
"481",2022-12-01 05:08:48,"@JNECare mantap kali paket dari jakarta ke medan pakai jtr bisa 2 minggu gk sampai,bagaimana nih @JNECare https://t.co/c9G81OPCcI",105,"JNECare"
"482",2022-12-01 05:06:46,"@JNE_ID Sekalinya pake JNE ga sampe2. Parah JNE @JNE_ID,@JNECare kalah sama Wahana. Menyesal pake JNE, paket lama, pelayanan buruk. Janji ini saya terakhir pake JNE. https://t.co/xEfnYpZW3J",165,"JNE_ID"
"483",2022-12-01 05:05:42,"@JNE_ID Sekalinya pake JNE ga sampe2. Parah JNE @JNE_ID,@JNECare kalah sama Wahana. Menyesal pake JNE, paket lama, pelayanan buruk. Janji ini saya terakhir pake JNE. https://t.co/FdDYgswi0K",165,"JNE_ID"
"484",2022-12-01 05:05:22,"@JNE_ID @JNECare Sekalinya pake JNE ga sampe2. Parah JNE @JNE_ID,@JNECare kalah sama Wahana. Menyesal pake JNE, paket lama, pelayanan buruk. Janji ini saya terakhir pake JNE. https://t.co/TpnbSWlsqR",174,"JNE_ID"
"485",2022-12-01 05:05:02,"@JNE_ID Sekalinya pake JNE ga sampe2. Parah JNE @JNE_ID,@JNECare kalah sama Wahana. Menyesal pake JNE, paket lama, pelayanan buruk. Janji ini saya terakhir pake JNE. https://t.co/OL7FpHI5w4",165,"JNE_ID"
"486",2022-12-01 05:03:53,"@JNECare baca dm",16,"JNECare"
"487",2022-12-01 04:49:41,"@JNECare dear admin saya dmn pertanyaan yaah",44,"JNECare"
"488",2022-12-01 04:44:37,"@Sufyanisss_ @JNECare Ane tangeran - bekasi sdh 3 hr lebih blom sampe hadeehhh @jnecare",87,"Sufyanisss_"
"489",2022-12-01 04:28:05,"@JNECare @indranovember Min cek DM dong",39,"JNECare"
"490",2022-12-01 04:17:34,"@JNECare min paket saya sudah lebih 2 minggu gk nyampe"", tanggal 25 di kota tujuan tapi gk diantar"" ke alamat, gmana ini????",124,"JNECare"
"491",2022-12-01 04:14:21,"cek dm bro @JNECare",19,NA
"492",2022-12-01 04:06:36,"@JNECare min paket dr tgl 29 blm nyampe,, status masih di GATEWAY JAKARTA,, btw saya pake YES.",94,"JNECare"
"493",2022-12-01 04:02:00,"@JNECare sdh masuk hari ke-3 masa msh dikota sender. Ga bergerak2. || resi : TLJX3D4F5QRCJYTW",93,"JNECare"
"494",2022-12-01 03:46:45,"@JNECare paket JT65848711385 kapan akan dikirimkan, dr kemrn statusnya ""paket telah diserahkan ke kurir"" tapi gak dikirim2",122,"JNECare"
"495",2022-12-01 03:43:23,"@JNE_ID @JNECare sudah di Telp, tp ngak bisa2 bahkan ngak bisa terhub dengan CS Trackingnya.",92,"JNE_ID"
"496",2022-12-01 03:43:05,"@JNECare @NonsubsidiX Hallo min cek DM yah",42,"JNECare"
"497",2022-12-01 03:34:51,"@JNECare @NonsubsidiX punya saya tbtb nobody at home, wong keluarga saya aja dirumah mulu, saya tanya satpam komplek ga ada kurir JNE masuk. 

bisa2nyee lohh nih perusahaan 😭 https://t.co/OVXbhRzS7a",174,"JNECare"
"498",2022-12-01 03:31:43,"#JNEisDead benar begitu min @JNECare @JNE_ID ? Ada begitu banyak keluhan gw perhatiin di twitter dimana paket kiriman pelanggan berhari2 tanpa progress alias mandek. Termasuk paket kiriman gw jg yg dari tanggal 27 kmrn statusnya ga berubah. Mana adminnya di DM juga ga merespon 🙄",279,NA
"499",2022-12-01 03:22:33,"@JNECare paket saya bermasalah atau gimana kok belom datang datang, mohon di kasih informasi lengkap kok belom di kirim lagi https://t.co/nOmsrTXoy4",124,"JNECare"
"500",2022-12-01 03:20:21,"@JNECare lu kabari ya ke org lu ni brg kagak usah di kirim lagi lu balikin ke pengirim ny capek gua liat ekspedisi hancur kek lu https://t.co/BYppH2jZgB",128,"JNECare"
